salt point, new york, 1
washington, north carolina, 1
carlsbad (*also see h.14.), california, 1
madison, georgia, 1
north dartmouth, massachusetts, 3
sawfmill, arizona, 1
deerfield, illinois, 11
san carlos, california, 14
cambridge, massachusetts, 173
middletown, new york, 4
new orleans, louisiana, 15
eden prairie, minnesota, 17
munster, indiana, 1
cooperstown, new york, 1
amesbury, massachusetts, 1
hasbrouck heights, new jersey, 2
north miami, florida, 2
waterloo, iowa, 6
san bernardino, california, 6
forest park, illinois, 1
new berlin, wisconsin, 3
green valley, arizona, 2
lenexa, kansas, 12
alliance, ohio, 2
moscow, idaho, 1
durant, mississippi, 2
burlington, north carolina, 1
murfreesboro, tennessee, 1
troy, michigan, 292
east greenbush, new york, 2
ocean springs, mississippi, 1
zion, illinois, 1
pinole, california, 1
dix hills, new york, 2
malone, new york, 1
east haven, connecticut, 1
minden, nevada, 2
bell, california, 4
collierville, tennessee, 14
taneytown, maryland, 2
wellesley hills, massachusetts, 5
essex junction, vermont, 2
springfield, missouri, 15
clive, iowa, 1
lumberton, new jersey, 1
passaic, new jersey, 2
milton, massachusetts, 1
bellerose, new york, 4
timonium, maryland, 5
terrell, texas, 2
hawthorne, california, 13
danville, pennsylvania, 5
glen spey, new york, 1
dededo, guam, 7
oak brook terrace, illinois, 1
mission, kansas, 1
niagara falls, new york, 1
ingleside, illinois, 1
north liberty, iowa, 1
nederland, texas, 1
broomfield, colorado, 10
gainesville, florida, 22
newark, delaware, 109
keego harbor, michigan, 19
saint charles, missouri, 1
bryan, texas, 2
elmwood park, new jersey, 4
farmington, connecticut, 8
natchez, mississippi, 1
burbank, california, 35
goodyear, arizona, 1
pembroke, massachusetts, 2
new york, new york, 1973
cherry hill, new jersey, 19
west trenton, new jersey, 1
west long branch, new jersey, 2
lancaster, kentucky, 1
san marcos, california, 5
san luis obispo, california, 6
burr ridge, illinois, 3
grace city, north dakota, 2
pleasanton, california, 68
alphraretta, georgia, 1
charlesston, south carolina, 1
islamorada, florida, 1
somerset, pennsylvania, 2
westlake, louisiana, 3
arcadia, california, 4
homewood, illinois, 2
turners falls, massachusetts, 1
wild rose, wisconsin, 3
bernardsville, new jersey, 3
elwood, indiana, 1
mora, minnesota, 1
monticello, new york, 1
whitehouse stiation, new jersey, 1
tucker, georgia, 7
camarillo, california, 9
cranford, new jersey, 7
ellenton, florida, 1
oregon, ohio, 1
university center, michigan, 2
lincolnwood, illinois, 7
harbor city, california, 4
irving, texas, 469
groton, massachusetts, 1
nocross, georgia, 2
chehalis, washington, 1
st.louis, missouri, 1
altamonte springs, florida, 1
dublin, ohio, 123
crossett, arkansas, 1
braintree, massachusetts, 35
warrensville hts, ohio, 1
duluth, minnesota, 5
sanford, north carolina, 2
paramount, california, 9
edwardsville, illinois, 3
spring arbor, michigan, 1
harrington park, new jersey, 1
silver springs, maryland, 1
clinton, new jersey, 2
ontario, california, 18
port everglades, florida, 1
east dublin, georgia, 1
salt lake city, utah, 86
iowa city,, iowa, 1
lpn, , 1
perth amboy, new jersey, 5
missoula, montana, 5
greenville, wisconsin, 1
pleasantville, new york, 2
st. charles, illinois, 16
whippany, new jersey, 9
bohemia, new york, 1
frisco, texas, 103
wappingers falls, new york, 2
madison, wisconsin, 66
liberty, missouri, 1
encinitas, california, 3
south gate, california, 7
bruke, virginia, 1
laguna niguel, california, 1
salinas, california, 4
novato, california, 2
milford, ohio, 3
lake wales, florida, 1
leesport, pennsylvania, 1
franklin lakes, new jersey, 4
pacoima, california, 7
north wales, pennsylvania, 8
woburn, massachusetts, 94
wayne, pennsylvania, 11
bedminster, new jersey, 4
glendale, arizona, 9
san mateo, california, 95
deal, new jersey, 1
lake waccamaw, north carolina, 1
lake forest park, washington, 1
morgangtown, west virginia, 1
danbury, connecticut, 12
point comfort, texas, 2
yaphank, new york, 1
alice, texas, 2
st. croix falls, wisconsin, 2
pixley, california, 1
lower gwynedd, pennsylvania, 1
bonita springs, florida, 3
harker heights, texas, 1
daytona beach, florida, 7
south yarmouth, massachusetts, 1
melrose, massachusetts, 2
edinboro, pennsylvania, 1
norristown, pennsylvania, 3
waynesburg, pennsylvania, 1
king of prussia, pennsylvania, 51
east windsor, new jersey, 12
orlando, florida, 108
conway, arkansas, 10
saratoga springs, new york, 2
alachua, florida, 4
anderson, south carolina, 5
sammamish, washington, 1
navasota, texas, 2
oradell, new jersey, 2
round rock, texas, 44
mashpee, massachusetts, 1
beckley, west virginia, 3
chicago,, illinois, 1
slayton, minnesota, 4
adamsville, alabama, 1
university of richmond, virginia, 2
jacksonville, texas, 3
magalia, california, 1
sanford, florida, 2
shelby, north carolina, 1
caro, michigan, 1
ganado, arizona, 7
highland, new york, 1
pleasant valley, new york, 1
new castle, delaware, 12
flandreau, south dakota, 7
largo, florida, 8
west bend, wisconsin, 3
warren, new york, 1
watsonville, california, 2
huntington park, california, 3
purchase, new york, 15
pottstown, pennsylvania, 1
spring lake heights, new jersey, 2
roswell, new mexico, 1
wellton, arizona, 1
eastover, south carolina, 2
canton, mississippi, 1
vinton, texas, 1
paintsville, kentucky, 1
towson, maryland, 6
rowland heights, california, 6
richmond, california, 6
silver spring, maryland, 31
clovis, california, 4
baton rouge, louisiana, 50
sayreville, new jersey, 12
montabello, california, 1
radford, virginia, 1
warsaw, kentucky, 1
ghent, kentucky, 1
springville, utah, 1
prairieville, louisiana, 1
newport, rhode island, 2
indianapolis, indiana, 113
waycross, georgia, 2
bellflower, california, 2
mcallen, texas, 3
la vista, nebraska, 3
wayne, west virginia, 1
fairhaven, massachusetts, 1
center city, minnesota, 1
east rancho dominguez, california, 1
shreveport, louisiana, 6
las vegas, nevada, 61
glastonbury, connecticut, 18
cathedral city, california, 1
rancho palos verdes, california, 2
noblesville, indiana, 1
fort valley, georgia, 1
jacksonville, illinois, 2
lombard, illinois, 18
blythewood, south carolina, 1
seagoville, texas, 1
saline, michigan, 16
lorton, virginia, 11
redmond, california, 4
alexandria, virginia, 30
st. bonifacius, minnesota, 1
mount arlington, new jersey, 4
tohatchi, new mexico, 1
madison, mississippi, 1
ridgewood, new york, 4
brazil, indiana, 1
kennewick, washington, 1
iselin, new york, 1
rockton, illinois, 1
napervill, illinois, 1
livingston, texas, 1
topeka, kansas, 11
puerto rico, saipan, northern mariana islands, 1
sturbridge, massachusetts, 1
east meadow, new york, 2
yorba linda, california, 5
mount pleasant, michigan, 1
orosi, california, 3
douglas, arizona, 4
lawrence, massachusetts, 1
west chester, pennsylvania, 14
west burlington, iowa, 3
miami gardens, florida, 1
weston, florida, 18
toms river, new jersey, 2
dover, ohio, 1
leicester, north carolina, 1
amite, louisiana, 1
taft, california, 1
springfield, oregon, 1
anna, illinois, 1
minot, north dakota, 3
warren, new jersey, 20
swainsboro, georgia, 1
port st. lucie, florida, 1
gainesville, texas, 2
kokomo, indiana, 2
conroe, tennessee, 1
wellesley, massachusetts, 3
clinton, indiana, 1
skillman, new jersey, 5
canoga park, california, 5
bucksport, maine, 1
brookhaven, new york, 2
wilsonville, oregon, 6
attalla, alabama, 1
linden, virginia, 1
irvington, new york, 1
ridley park, pennsylvania, 1
brisbane, california, 11
east lansing, michigan, 24
east grand forks, minnesota, 1
lemont, illinois, 5
pawtucket, rhode island, 2
hull, massachusetts, 1
toms river,, new jersey, 1
sparks, maryland, 3
bassett, virginia, 1
lincoln university, pennsylvania, 1
milford, michigan, 5
livingston, tennessee, 1
clear lake, texas, 1
waimanalo, hawaii, 1
cleveland (mayfield heights), ohio, 1
phillipsburg, new jersey, 2
santa cruz, california, 3
port chester, new york, 4
sunnnyvale, california, 1
bolingbrook, illinois, 6
palos hills, illinois, 1
addision, illinois, 1
brecksville, ohio, 9
congers, new york, 1
dedham, massachusetts, 2
harrodsburg, kentucky, 2
palm beach gardens, florida, 5
mclean, virginia, 124
suite 200, north carolina, 1
statesville, north carolina, 1
mettawa, illinois, 10
danville, virginia, 5
bell gardens, california, 3
plesanton, california, 2
king city, california, 1
vero beach, florida, 2
hermitage, tennessee, 1
north kingstown, rhode island, 2
downingtown, pennsylvania, 3
ocala, florida, 6
enfield, connecticut, 2
freeport, new york, 1
far rockway, new york, 1
newton square, pennsylvania, 1
clarence, new york, 1
corpus christi, texas, 13
belmont, massachusetts, 15
plainfield, indiana, 6
westchester, illinois, 7
derry, new hampshire, 2
marana, arizona, 1
randolph, new jersey, 3
uniondale, new york, 6
greeley, pennsylvania, 3
aberdeen, new jersey, 3
lewiston, new york, 2
pinehurst, idaho, 1
sausalito, california, 3
lauderdale lakes, florida, 3
bagley, minnesota, 1
plainfield, new jersey, 3
ridgefield, new jersey, 6
white plains, maryland, 1
morton, illinois, 2
massapequa, new york, 4
hillsborough, new hampshire, 1
taylor, texas, 3
newbury park, california, 3
guadalupe, california, 1
palisades park, new jersey, 3
mukilteo, washington, 2
spring hill, florida, 1
new britain, connecticut, 4
niagara university, new york, 1
pelham manor, new york, 1
moonachie, new jersey, 4
brookville, new york, 3
saint marys, georgia, 1
monroe, louisiana, 1
loganville, georgia, 1
medina, minnesota, 1
bend, oregon, 4
bradford, pennsylvania, 4
sylvania, ohio, 2
addison, illinois, 2
frederick, maryland, 20
coral gables (also known as miami), florida, 1
goshen, new york, 1
westmont, illinois, 4
chatsworth, california, 7
accokeek, maryland, 1
jamaica estates, new york, 1
mississippi state, mississippi, 5
trevose, pennsylvania, 5
tyngsboro, massachusetts, 1
richmond, virginia, 134
watertown, new york, 3
middletown, delaware, 10
londonderry, new hampshire, 2
darnestown, maryland, 1
middleboro, massachusetts, 2
acton, massachusetts, 20
newton, north carolina, 1
monroe, washington, 1
bloomsburg, pennsylvania, 1
benton, kentucky, 5
richland, washington, 2
coopersburg, pennsylvania, 4
109 mcallister building, pennsylvania, 1
new london, connecticut, 2
montgomery, west virginia, 2
eugene, oregon, 7
valley village, california, 1
middleburg heights, ohio, 1
granada hills, california, 4
hopkinton, massachusetts, 25
douglas, georgia, 1
winnetka, illinois, 4
fairfield, connecticut, 5
stafford, texas, 40
socorro, new mexico, 2
kansas city, missouri, 36
rapid city, south dakota, 2
washington dc, district of columbia, 2
far hills, new jersey, 1
chandler, arizona, 211
champaign, illinois, 19
kennebunk, maine, 1
westhampton beach, new york, 1
san leandro, california, 5
tampa, florida, 252
apopka, florida, 4
monroe township, new jersey, 4
bogota, new york, 1
merriam, kansas, 2
butler, pennsylvania, 2
buena park, california, 11
corona, new york, 3
wildwood, missouri, 15
bismarck, north dakota, 5
aldie, virginia, 1
blue bell, pennsylvania, 10
west point, georgia, 5
clio, michigan, 1
brentwood, new york, 1
kingwood, texas, 2
smallwood, new york, 1
medley, florida, 10
islandia, new york, 15
culpeper, virginia, 4
oceanside, new york, 4
suite 300, maryland, 1
the woodlands, texas, 36
oxford, mississippi, 2
centreville, virginia, 9
boston, louisiana, 1
waterbury, connecticut, 2
far rockaway, new york, 1
wheeling, west virginia, 2
san tan valley, arizona, 4
jasper, texas, 1
eagan, minnesota, 34
san marino, california, 1
st. joseph, missouri, 1
itta bena, mississippi, 12
mohave valley, arkansas, 1
maple shage, new jersey, 1
huntersville, north carolina, 1
summit, new jersey, 10
sugarcreek, ohio, 1, [["land o\lakes", \florida\]]: 1
antigo, wisconsin, 1
trenton, new jersey, 13
minneapolis, minnesota, 91
fridley, minnesota, 8
bensevnille, illinois, 1
woodland, washington, 1
lake city, pennsylvania, 1
bay point, california, 1
battle creek, michigan, 5
east moline, illinois, 38
greenwood village, colorado, 48
west milford, new jersey, 1
rock hill, south carolina, 5
spring house, pennsylvania, 5
tahoe city, california, 1
greenwich, connecticut, 15
gallup, new mexico, 10
selinsgrove, pennsylvania, 1
stantonsburg, north carolina, 2
brookings, south dakota, 3
potsdam, new york, 3
san dimas, california, 5
titusville, florida, 1
odessa, florida, 3
brookshire, texas, 3
westminister, california, 1
north carolina, north carolina, 1
winter springs, florida, 1
whitefish bay, wisconsin, 1
alvin, texas, 1
naperville, illinois, 123
baltimore, maryland, 113
montgomery, alabama, 127
orangeburg, south carolina, 4
elkridge, maryland, 13
bakerfield, california, 1
setauket, new york, 1
glen oaks, new york, 1
pittsburg, pennsylvania, 1
bethany beach, delaware, 1
quincy, massachusetts, 10
rego park, new york, 1
centerbrook, connecticut, 1
farmville, virginia, 1
garden city, georgia, 1
clark, new jersey, 4
tappan, new york, 1
evansville, indiana, 11
oxford, ohio, 2
chesapeake, virginia, 3
slidell, louisiana, 1
monmouth, oregon, 3
murray, utah, 3
mentor, ohio, 1
coconut creek, florida, 2
midkiff, texas, 1
liberty corner, new jersey, 2
south hackensack, new jersey, 2
bogota, new jersey, 1
oakdale, new york, 1
coeur d alene, idaho, 1
enola, pennsylvania, 4
youngstown, ohio, 6
rocklin, california, 5
wausau, wisconsin, 2
san juan, puerto rico, 9
peachtree city, georgia, 8
longwood, florida, 1
florence, kentucky, 5
camp hill, pennsylvania, 11
ithaca, new york, 11
west branch, michigan, 1
jellico, tennessee, 1
mineloa, new york, 1
greenwood, louisiana, 1
aberdeen, north carolina, 1
elk grove, illinois, 1
west haven, connecticut, 1
nw, washington dc, district of columbia, 2
jamesville, virginia, 1
elmira, new york, 1
richmond hill, new york, 5
jamestown, north dakota, 3
milford, massachusetts, 5
hamlin, texas, 1
concord, massachusetts, 3
mansfield, ohio, 3
seatle, washington, 1
gurabo, puerto rico, 1
lithia springs, georgia, 1
mason, ohio, 5
weldon spring, missouri, 1
vista, california, 3
bethlehem, georgia, 5
murrysville, pennsylvania, 1
warsaw, north carolina, 1
jamaica plain, massachusetts, 1
newport center drive, california, 1
cave creek, arizona, 1
port barre, louisiana, 1
orinda, california, 1
prairie view, texas, 2
farmingville, new york, 1
zapata, texas, 1
carmichael, california, 2
revere, massachusetts, 1
palm bay, florida, 2
portsmouth, ohio, 6
new bedford, massachusetts, 1
st. john, missouri, 1
hewitt, texas, 1
annapolis junction, maryland, 1
marietta, ohio, 2
fall river, massachusetts, 5
culver city, california, 42
highlands ranch, colorado, 4
woodinville, washington, 1
itta bena, massachusetts, 3
syosset, new york, 2
pawcatuck, connecticut, 1
framingham, massachusetts, 37
myton, utah, 1
rockwall, texas, 2
eastchester, new york, 1
basking ridge, new jersey, 15
sunnyside, new york, 2
monrovia, maryland, 1
fairfax, va & various unantic locations through us, virginia, 1
santa monica,, california, 1
ediston, new jersey, 1
mendham, new jersey, 1
dubuque, iowa, 5
st augustine, florida, 1
medford, oregon, 3
napa, california, 7
houston, texas, 1068
delhi, new york, 1
mayfield village, ohio, 18
huntington beach, california, 7
centerville, ohio, 1
getzville, new york, 1
west hempstead, new york, 1
talihina, oklahoma, 1
lasara, texas, 1
behtesda, maryland, 1
hot springs, arkansas, 2
stevens point, wisconsin, 4
jupiter, florida, 3
petoskey, michigan, 2
tehachapi, california, 4
uncasville, connecticut, 5
sunland, california, 2
portage, michigan, 3
white bear lake, minnesota, 1
lewiston, utah, 1
margate, florida, 3
wheaton, illinois, 2
greeley, colorado, 7
lagrange, georgia, 12
westbury, new york, 9
patterson, california, 1
dalton, georgia, 1
mountain pass, california, 1
spartanburg, south carolina, 3
enola, pa & various unanticipated locations, pennsylvania, 3
west lafayette, indiana, 15
clinton, massachusetts, 1
alviso, california, 7
parker, colorado, 4
skowhegan, massachusetts, 1
kealakekua, hawaii, 1
palo alto, california, 299
somerset, new jersey, 157
huntington, west virginia, 3
ball ground, georgia, 1
platteville, wisconsin, 2
old bridge, new jersey, 1
lawrenceville, virginia, 2
covington, tennessee, 1
clinton, tennessee, 1
stoughton, massachusetts, 4
berwyn, illinois, 1
viroqua, wisconsin, 2
wendell, north carolina, 6
lawrenceburg, tennessee, 1
garfield, new jersey, 3
sea girt, new jersey, 1
millbrook, alabama, 1
whitewater, wisconsin, 1
port charlotte, florida, 2
ogden, utah, 1
lawrence, kansas, 7
nutley, new jersey, 10
poughkeepsie, nevada, 1
fulton, maryland, 1
mckees rocks, pennsylvania, 1
new brunswick, new jersey, 14
farmingdale, new york, 8
redford, michigan, 3
fairview, texas, 1
bloomingdale, illinois, 4
rockford, illinois, 4
crownpoint, new mexico, 4
north bergen, new jersey, 6
dupont, washington, 4
millersburg, pennsylvania, 1
tolland, connecticut, 1
clinton, north carolina, 1
independence, kansas, 1
temple terrace, florida, 27
dearborn, michigan, 11
franklin park, illinois, 1
minnetonka, minnesota, 14
natrona heights, pennsylvania, 1
south orange, new jersey, 1
parker, south dakota, 1
swedesboro, new jersey, 1
buchanan, virginia, 1
burnsville, minnesota, 5
north branch, new jersey, 1
kirkland, washington, 42
duluth, georgia, 79
stirling, new jersey, 2
crwonpoint, new mexico, 1
oak brook, illinois, 20
columbus, georgia, 9
south euclid, ohio, 1
albany, oregon, 1
storm lake, iowa, 1
rolling hills estate, california, 1
walnut, california, 5
new albany, ohio, 13
edmond, oklahoma, 2
fultondale, alabama, 1
dixon, illinois, 3
brooklyn, maryland, 2
mcminnville, oregon, 4
yakima, washington, 6
lake success, new york, 4
dayville, connecticut, 1
lake city, florida, 2
fort collins, colorado, 17
ada, ohio, 1
charleston, west virginia, 6
englewood, colorado, 32
voorhees, new jersey, 2
williamsburg, virginia, 6
calexico, california, 2
jeannette, pennsylvania, 1
sheridan, wyoming, 1
newington, connecticut, 3
marshall, texas, 3
camden, south carolina, 1
nantucket, massachusetts, 1
clifton, virginia, 1
west conshohocken, pennsylvania, 1
cheney, washington, 1
vineland, new jersey, 1
devens, massachusetts, 1
nevada city, california, 1
attleboro, massachusetts, 3
zionsville, indiana, 2
shrewsbury, massachusetts, 12
abbott park, illinois, 23
grayslake, illinois, 1
starke, florida, 1
santa clara, california, 799
state college, pennsylvania, 6
adelphi, maryland, 2
pflugerville, texas, 1
johnstown, new york, 2
amityville, new york, 1
huntington, new york, 2
cloverdale, virginia, 1
manhattan, kansas, 9
goshen, indiana, 2
windham, new york, 1
merced, california, 5
jersey city, new york, 1
lockport, new york, 3
mesa, arizona, 7
dekalb, illinois, 6
theodore, alabama, 1
lusby, maryland, 1
beaver, pennsylvania, 1
watervliet, new york, 2
st. charles, missouri, 6
painted post, new york, 3
oakes, north dakota, 1
urbana, illinois, 10
plymouth, new hampshire, 1
demopolis, alabama, 1
arden hills, minnesota, 3
warren, michigan, 20
plantation, florida, 12
charlottesville, virginia, 8
moon twp, pennsylvania, 3
seward, nebraska, 1
bossier city, louisiana, 2
cockeysville, maryland, 2
torrington, connecticut, 1
needham, massachusetts, 7
lake charles, louisiana, 8
streetsboro, ohio, 6
mattapan, massachusetts, 1
monterey park, california, 11
athens, alabama, 2
lacey, washington, 2
strasburg, pennsylvania, 1
amherst, new york, 1
chapel hill, north carolina, 6
murray hill, new jersey, 11
melville, new york, 31
fox river grove, illinois, 3
watertown, massachusetts, 10
seven hills, ohio, 1
corning, new york, 7
winter haven, florida, 2
bridgewater, massachusetts, 3
millstone township, new jersey, 1
totowa, new jersey, 2
martin, kentucky, 1
north miami beach, florida, 7
port reading, new jersey, 1
opa locka, florida, 2
mercedes, texas, 1
crystal river, florida, 1
so. plainfield, new jersey, 1
homestead, florida, 3
oak park, michigan, 2
cromwell, connecticut, 1
yuma, arizona, 5
peterborough, new hampshire, 1
wyncote, pennsylvania, 2
okemos, michigan, 3
ashtabula, ohio, 4
houghton, michigan, 12
provo, utah, 4
farifax, virginia, 1
brockton, massachusetts, 6
la jolla, california, 6
riviera beach, florida, 2
colton, california, 2
raritan, new jersey, 2
fellsmere, florida, 1
brinklow, maryland, 1
tustin, california, 14
baldwin park, california, 5
pemberville, ohio, 1
enterprise, alabama, 2
georgetown, ohio, 1
marlton, new jersey, 3
hazel park, michigan, 1
hilton head, south carolina, 2
west new york, new jersey, 1
dewey, arizona, 1
valley park, missouri, 1
magnolia, new jersey, 1
washington, michigan, 1
playa vista, california, 7
folsom, california, 277
sartell, minnesota, 1
americus, georgia, 1
bowie, maryland, 27
scott township, pennsylvania, 1
cabot, arkansas, 1
overland park, kansas, 82
howard beach, new york, 3
blythe, california, 2
clinton township, michigan, 2
maplewood, new jersey, 2
west islip, new york, 2
parlin, new jersey, 30
waterford, connecticut, 1
acworth, georgia, 1
briarcliff manor, new york, 1
scotts valley, california, 3
sewickley, pennsylvania, 3
lucedale, mississippi, 2
longmont, colorado, 12
little ferry, new jersey, 4
cliffwood beach, new jersey, 1
ivyland, pennsylvania, 1
inwood, new york, 1
snyder, texas, 1
patterson, new york, 3
jeffersonville, indiana, 1
upland, indiana, 1
ronaoke, virginia, 1
san jose,, california, 1
stigler, oklahoma, 2
alpharetta, georgia, 253
fullerton, california, 32
middletown, rhode island, 3
bloomfield, connecticut, 15
saint paul, minnesota, 2
cayce, south carolina, 1
south hadley, massachusetts, 4
locust grove, georgia, 1
beaverton, oregon, 29
redding, connecticut, 1
kingston, new york, 7
soledad, california, 1
twentynine palms, california, 3
poway, california, 16
bronx, new york, 48
evans, georgia, 1
quakertown, pennsylvania, 2
daly city, california, 4
west harrison, new york, 1
gypsum, colorado, 1
forest hills, new york, 22
sparta, new jersey, 1
dryton, new jersey, 1
tacoma, washington, 8
colorado springs, colorado, 41
westland, michigan, 2
jacksonville, alabama, 1
waban, massachusetts, 1
oaks, pennsylvania, 1
creve couer, missouri, 1
northville, new york, 1
mullica hill, new jersey, 1
gig harbor, washington, 1
great falls, montana, 1
hershey, pennsylvania, 11
milton, georgia, 1
blaine, minnesota, 2
beloit, wisconsin, 3
tory, ohio, 1
wapato, washington, 1
lanham, maryland, 4
ipswich, massachusetts, 2
livonia, michigan, 41
shenandoah, pennsylvania, 1
yukon, oklahoma, 1
manchester, new hampshire, 8
elkhart, indiana, 2
doylestown, pennsylvania, 28
davis, california, 6
paris, texas, 2
studio city, california, 2
brandywine, maryland, 1
fort worth, texas, 88
homestead, pennsylvania, 1
ashton, illinois, 1
beverly hills, california, 14
chestnut hill, massachusetts, 8
maywood, california, 2
west point, pennsylvania, 2
hoover, alabama, 1
orange, connecticut, 1
leominster, massachusetts, 2
binghamton, new york, 6
akron, ohio, 17
newhall, california, 1
coachella, california, 1
compton, california, 5
corning, california, 2
sheboygan, wisconsin, 1
lauderhill, florida, 3
windsor, north carolina, 2
lewisville, texas, 20
deer lodge, montana, 1
williamsport, pennsylvania, 1
nashua, new hampshire, 54
hastings, nebraska, 1
redondo beach, california, 2
calexico,, california, 1
cedar knolls, new jersey, 1
sublette, kansas, 1
rye, new york, 12
florence, oregon, 1
powhatan, virginia, 1
silverdale, washington, 1
fort smith, arkansas, 6
upper tumon, guam, 1
glendale heights, illinois, 2
huntsville, texas, 3
north little rock, arkansas, 2
worthington, ohio, 10
asheville, north carolina, 3
sandpoint, idaho, 1
groveland, massachusetts, 2
suite 340, california, 2
bradenton, florida, 3
stockton, california, 16
corona del mar, california, 1
logan, utah, 5
blacksburg, virginia, 6
indian land, south carolina, 1
lyndhurst, new jersey, 12
kulpsville, pennsylvania, 1
cypress, texas, 1
round lake, illinois, 3
monroe, north carolina, 2
friendly, west virginia, 1
bellwood, illinois, 1
sunnyvale, california, 662
castle rock, california, 2
shiprock, new mexico, 7
jamesburg, new jersey, 31
manchester, connecticut, 18
garden city, kansas, 5
north salem, new york, 1
sterling heights, michigan, 9
detour, maryland, 3
morrisville, florida, 1
elk river, minnesota, 1
wallingford, connecticut, 2
allston, massachusetts, 2
evergreen park, illinois, 1
saginaw, michigan, 10
plymouth, minnesota, 6
greenwood, south carolina, 2
walnut crekk, california, 1
aguadilla, puerto rico, 2
new smyrna beach, florida, 1
cleveland heights,, ohio, 1
hesperia, california, 1
florence, arizona, 2
bedford, indiana, 2
franklin, massachusetts, 2
san martin, california, 1
saint george, utah, 1
washington, iowa, 2
mt.kisco, new york, 1
hauppauge, new york, 18
the plains, virginia, 1
bay shore, new york, 1
woodmere, new york, 2
south jordan, utah, 2
ballwin, missouri, 2
arlington heights, illinois, 79
buena vista, california, 1
geneva, new york, 10
boulder city, nevada, 1
washougal, washington, 1
solon, ohio, 4
mooresville, north carolina, 18
accident, maryland, 1
concord, california, 14
chino hills, california, 4
troy, alabama, 1
hudson, ohio, 1
rensselaer, new york, 5
ozone park, new york, 2
ardmore, oklahoma, 5
herdon, virginia, 3
miami lakes, florida, 4
hapeville, georgia, 1
windsor mill, maryland, 3
harlingen, texas, 4
wallace, north carolina, 1
tomball, texas, 3
northville, michigan, 36
smithfield, rhode island, 4
san ramon, california, 60
clute, texas, 1
pine brook, new jersey, 1
washingtion, district of columbia, 1
los alamos, new mexico, 1
berkley, michigan, 1
pennington, new jersey, 17
alamo, new mexico, 3
tiffin, ohio, 1
lodi, california, 3
hummelstown, pennsylvania, 1
bayonne, new jersey, 8
germantown, maryland, 30
camilla, georgia, 1
long prairie, minnesota, 2
faifax, virginia, 2
leesburg, florida, 2
sandy, utah, 5
bedford, texas, 8
bethel, connecticut, 1
woodridge, new jersey, 1
montgomery, illinois, 1
marion, north carolina, 1
tulare, california, 4
portland, maine, 14
sunbury, pennsylvania, 1
las cruces, new mexico, 6
mount pleasant, texas, 1
independence, louisiana, 1
perry, florida, 1
hampton, virginia, 7
hattiesbrug, mississippi, 1
allendale, new jersey, 1
budd lake, new jersey, 1
santa fe springs, california, 14
washington, dc, district of columbia, 1
libertyville, illinois, 40
harvey, illinois, 3
issaquah, washington, 6
ft. collins, colorado, 1
gainesville, georgia, 4
oceanside, california, 5
desoto, texas, 3
gurdon, arkansas, 1
powell, wyoming, 1
greensboro, south carolina, 1
trumbull, connecticut, 5
douglassville, pennsylvania, 1
staten island, new york, 20
mt. freedom, new jersey, 1
pompano beach, florida, 7
mitchell, south dakota, 1
state university, arkansas, 3
east aurora, new york, 1
norwich, connecticut, 2
rowley, massachusetts, 1
johnstown, pennsylvania, 3
wainscott, new york, 2
albany, georgia, 1
schaumberg, illinois, 5
eufaula, alabama, 1
east chicago, indiana, 3
centerville, iowa, 1
east norriton, pennsylvania, 8
defuniak springs, florida, 1
coaldale, pennsylvania, 1
mequon, wisconsin, 2
amenia, new york, 1
east saint louis, illinois, 1
harleysville, pennsylvania, 1
papillion, nebraska, 1
inverness, florida, 2
new yorl, new york, 1
weatherford, texas, 2
peekskill, new york, 3
suite 1610, new york, 2
alabaster, alabama, 1
williamston, north carolina, 1
machipongo, virginia, 1
yermo, california, 2
santa ana, california, 38
bullhead city, arizona, 5
alamogordo, new mexico, 1
shawnee, oklahoma, 3
nokomis, florida, 1
webster city, iowa, 1
ashburn, virginia, 37
hillsborough, new jersey, 8
vallejo, california, 4
little rock, arkansas, 49
huntsville, alabama, 14
princeton jct, new jersey, 2
phenix city, georgia, 1
shoreview, minnesota, 3
lagrangeville, new york, 1
rocky hill, connecticut, 3
shafter, california, 1
orefield, pennsylvania, 1
vernon, california, 18
minden, louisiana, 1
chappaqua, new york, 1
canton, ohio, 5
southaven, mississippi, 1
colleyville, texas, 1
millinocket, maine, 2
tiyan barrigada, guam, 1
chinle, arizona, 3
dunlap, tennessee, 1
columbia, south carolina, 20
alexandria, louisiana, 2
athens, georgia, 16
radcliff, kentucky, 1
lynnwood, washington, 5
san francisco, california, 641
valencia, california, 26
ewing, new jersey, 1
west babylon, new york, 2
waseca, minnesota, 1
seneca, south carolina, 3
alameda, california, 10
woodstock, georgia, 7
rochester, minnesota, 9
foothill ranch, california, 9
albuquerque, new mexico, 20
audubon, pennsylvania, 1
manassas, virginia, 52
norfolk, virginia, 13
lawrence, new jersey, 2
chelmsford, massachusetts, 25
plano, texas, 294
willmar, minnesota, 1
oakland, new jersey, 7
windsor, connecticut, 40
rosemont, illinois, 96
clayton, north carolina, 1
clifton park, new york, 1
rolling hills estates, california, 1
seaford, delaware, 2
charles town, west virginia, 5
newtown square, pennsylvania, 21
edgerton, wisconsin, 1
maumell, arkansas, 1
new haevn, connecticut, 1
waterown, new york, 1
mountlake terrace, washington, 1
la verne, california, 1
anderson, indiana, 2
mobile, california, 1
ossining, new york, 4
south brunswick, new jersey, 5
la mirada, california, 8
uvalde, texas, 6
albertson, new york, 2
wilkes barre, pennsylvania, 3
san juan capistrano, california, 5
chesterbrook, pennsylvania, 6
cerritos, california, 17
sugar land, texas, 45
oak park, illinois, 3
clare, michigan, 1
georgetown, connecticut, 1
greene, new york, 1
annapolis, maryland, 20
bowling green, ohio, 4
shirley, massachusetts, 1
globe, arizona, 1
norcross, georgia, 111
sherwood, oregon, 1
mayaguez, puerto rico, 1
fairview, kansas, 1
bucyrus, ohio, 1
san fancisco, california, 1
wauwatosa, wisconsin, 11
dolores, colorado, 1
san luis, arizona, 2
woodburn, oregon, 1
lewisburg, pennsylvania, 2
winter park, florida, 3
montvale, new jersey, 19
wobrun, massachusetts, 1
dfw airport, texas, 2
dinuba, california, 1
temecula, california, 2
flint, michigan, 6
midvale, utah, 2
norwalk, connecticut, 24
tualatin, oregon, 11
fountain valley, california, 10
secaucus, new jersey, 21
normal, alabama, 1
hull, iowa, 1
escalon, california, 1
niles, illinois, 6
waldorf, maryland, 1
cape coral, florida, 4
barrington, rhode island, 1
iowa city, iowa, 52
brambleton, virginia, 1
delano, california, 1
helena, montana, 1
orem, utah, 7
no. virginia, woodbridge, manassas, virginia, 1
normal, illinois, 3
chevy chase, maryland, 9
branford, connecticut, 1
schenectady, new york, 2
reston, virginia, 191
missouri, texas, 1
ft. defiance, arizona, 1
d/fw airport, texas, 1
moorestown, new jersey, 3
rolla, missouri, 5
mcgregor, texas, 1
augusta, georgia, 6
mount clemens, michigan, 1
fayetteville, california, 1
williamsville, new york, 15
greenbelt, maryland, 23
prospect, kentucky, 1
homewood, alabama, 1
grayling, michigan, 1
spearfish, south dakota, 1
carnegie, pennsylvania, 1
glen burnie, maryland, 2
saratoga, california, 1
farmington, new mexico, 2
roanoke, virginia, 30
bowling green, kentucky, 8
armonk, new york, 6
lawrenceville, new jersey, 7
gulfport, mississippi, 4
parsipanny, new jersey, 1
salem, new hampshire, 4
mahopac, new york, 1
kent, washington, 4
mcgehee, arkansas, 15
maple grove, minnesota, 5
wading river, new york, 1
leonia, california, 1
canton, georgia, 1
orchard park, new york, 1
warrensville hts., ohio, 1
irwindale, california, 3
ridgewood, new jersey, 2
jackson, michigan, 4
middlebury, connecticut, 3
new milford, new jersey, 1
ronkonkoma, new york, 2
foxborough, massachusetts, 1
palmdale, california, 4
south burlington, vermont, 54
bingham canyon, utah, 4
west hollywood, california, 8
baileyville, maine, 1
ellisville, missouri, 2
north babylon, new york, 2
dickinson, north dakota, 2
center valley, pennsylvania, 1
beaumont, texas, 5
raleigh, north carolina, 93
nesconset, new york, 1
baytown, texas, 3
greenville, pennsylvania, 1
canton, massachusetts, 6
sherman oaks, california, 4
amarillo, texas, 4
east newark, new jersey, 1
guaynabo, puerto rico, 4
east hanover, new jersey, 12
oakland park, florida, 1
marion, indiana, 2
granville, ohio, 2
bellevue, washington, 158
deerfield beach, florida, 5
naperville, indiana, 1
n. amityville, new york, 1
north chelmsford, massachusetts, 1
harriman, new york, 1
irvina, california, 1
manhasset, new york, 1
kilgore, texas, 1
st. pauls, north carolina, 2
lafayette, indiana, 5
ridgefield park, new jersey, 8
barrington, illinois, 3
seymour, indiana, 2
rockville, maryland, 83
abilene, texas, 3
espanola, new mexico, 9
lake balboa, california, 1
prince george, virginia, 2
capitol heights, maryland, 1
saticoy, california, 1
roseburg, oregon, 2
franklin, louisiana, 3
luverne, alabama, 4
alamo, texas, 1
greer, south carolina, 1
agoura hills, california, 6
leesburg, virginia, 3
sikeston, missouri, 1
port townsend, washington, 1
superior, arizona, 1
mims, florida, 1
town & country, missouri, 1
north aurora, illinois, 1
purcellville, virginia, 2
ashland, virginia, 7
absecon, new jersey, 1
pikeville, kentucky, 1
roseville, michigan, 1
boston heights, ohio, 1
saipan, northern mariana islands, 1
auburn, georgia, 1
athol, massachusetts, 1
oceanport, new jersey, 14
lancaster, new hampshire, 1
mableton, georgia, 1
morristown, new jersey, 19
kiln, mississippi, 1
rota, northern mariana islands, 1
la vergne, tennessee, 1
independence, ohio, 5
atlanta, georgia, 459
delaware, ohio, 2
philadelphia, mississippi, 1
surprise, arizona, 2
auburn, alabama, 14
sioux falls, south dakota, 16
hooksett, new hampshire, 1
donna, texas, 1
cameron, louisiana, 1
lake in the hills, illinois, 3
garrison, new york, 1
atchison, kansas, 1
claremore, oklahoma, 1
north canton, ohio, 3
marco island, florida, 1
landover, maryland, 2
ownesboro, kentucky, 1
grand rapids, michigan, 20
suite 101-a, florida, 1
richmond heights, ohio, 1
boxborough, massachusetts, 21
columbus, indiana, 48
randolph, massachusetts, 8
st petersburg, florida, 1
macon, georgia, 5
rome, new york, 1
prospect heights, illinois, 1
brewer, maine, 3
sudbury, massachusetts, 2
san jose, california, 996
new albany, mississippi, 1
hartselle, alabama, 1
sylacauga, alabama, 1
kasota, minnesota, 1
detroit, michigan, 109
elyria, ohio, 1
hamilton, missouri, 1
winslow, arizona, 2
thomasville, georgia, 3
morehead, kentucky, 3
scottsdale, arizona, 43
lumberton, north carolina, 2
jackson, mississippi, 9
coffeeville, mississippi, 1
monroe, new jersey, 3
victorville, california, 1
findlay, ohio, 2
paterson, new jersey, 4
pensacola, florida, 9
lynden, washington, 1
southington, connecticut, 5
south harwich, massachusetts, 2
pacifica, california, 2
newtown, pennsylvania, 61
centralia, illinois, 2
chantilly, virginia, 155
hammond, indiana, 2
sterling, kansas, 1
westfield center, ohio, 2
tewksbury, massachusetts, 7
jackonville, florida, 1
jackson, minnesota, 1
belmont, california, 29
euless, texas, 1
hyattsville, maryland, 5
brenham, texas, 2
boone, north carolina, 3
beavercreek, ohio, 2
aventura, florida, 1
sebring, florida, 1
hialeah gardens, florida, 1
lakeland, florida, 2
clinton, maryland, 1
hawthorne, new jersey, 2
hoopeston, illinois, 1
franklin, pennsylvania, 1
kennesaw, georgia, 13
orangevale, california, 1
auburn hills, michigan, 36
mountainville, new york, 1
lincolnshire, illinois, 12
dyer, indiana, 2
south plainfield,, new jersey, 1
indianola, pennsylvania, 3
pullman, washington, 5
thibodaux, louisiana, 1
town and country, missouri, 1
american fork, utah, 5
st. joseph, minnesota, 3
stanton, california, 4
carlin, nevada, 1
atlanta, california, 1
covington, kentucky, 2
howell, new jersey, 1
channelview, texas, 3
south el monte, california, 1
edison, california, 1
pine bluff, arkansas, 4
phoenix, arizona, 104
redwood city, california, 97
hobken, new jersey, 1
cullowhee, north carolina, 1
tuscaloosa, alabama, 2
suite 750, texas, 1
jamesport, new york, 1
alamosa, colorado, 2
parispanny, new jersey, 1
brunswick, maine, 1
medfield, massachusetts, 1
hickory, north carolina, 3
dunkirk, new york, 3
fairmont, west virginia, 5
atherton, california, 1
harlan, kentucky, 2
norwood, massachusetts, 22
wooster, ohio, 3
great neck, new york, 23
chestnut ridge, new york, 1
odessa, texas, 7
milpitas, california, 131
alanta, georgia, 1
grand island, new york, 1
hudson, wisconsin, 1
loving, new mexico, 1
aurora, oregon, 1
boise, idaho, 67
islip terrace, new york, 1
morgan hill, california, 3
cortland, new york, 4
albertville, alabama, 1
scarsdale, new york, 8
friendswood, texas, 1
san diego, california, 490
hagerman, new mexico, 1
fort madison, iowa, 1
dutch harbor, alaska, 1
decatur, alabama, 2
princeton jn., new jersey, 2
ventura, california, 5
arlington, texas, 16
dub,in, california, 1
jackson, wyoming, 2
port lavaca, texas, 1
aspen, colorado, 2
hartford, connecticut, 24
cranberry twp., pennsylvania, 1
la plata, maryland, 1
great falls, virginia, 1
virginia beach, virginia, 14
cold spring, new york, 2
berlin, wisconsin, 1
bar harbor, maine, 4
farmington, michigan, 26
stafford, virginia, 4
nyc, new york, 1
juno beach, florida, 1
venice, california, 10
lindsborg, kansas, 1
newnan, georgia, 5
baldwin, michigan, 1
2875 towerview rd, virginia, 1
norman, oklahoma, 9
falls church, virginia, 64
san franciso, california, 1
huntingdon valley, pennsylvania, 2
deland, florida, 2
waynesboro, pennsylvania, 4
wood dale, illinois, 1
hampton, georgia, 2
marina del rey, california, 7
middlebury, vermont, 1
, north carolina, 1
milan, tennessee, 1
darby, pennsylvania, 1
bloomsdale, missouri, 1
barberton, ohio, 1
cordele, georgia, 2
southborough, louisiana, 1
tracy, california, 17
camas, washington, 11
kensington, maryland, 3
calhoun, georgia, 2
crawfordsville, indiana, 2
kotzebue, alaska, 1
lufkin, texas, 2
west chester, ohio, 1
fillmore, california, 1
newton upper falls, massachusetts, 1
wellington, florida, 5
fort myers, florida, 14
west sacramento, california, 1
richboro, pennsylvania, 1
ottumwa, iowa, 2
greenwood, indiana, 1
aurora, illinois, 24
richmond heights, missouri, 1
high point, north carolina, 7
ft. worth, texas, 2
gold river, california, 1
holt, michigan, 1
carol stream, illinois, 2
yuba city, california, 1
tamuning, guam, 11
new rochelle, new york, 4
westport, connecticut, 16
greenlawn, new york, 1
marlborough, massachusetts, 33
cottage grove, oregon, 2
monongahela, pennsylvania, 3
roberta, georgia, 1
tamarac, florida, 3
cincinnati, ohio, 52
oxford, massachusetts, 2
fontana, california, 3
san bruno, california, 53
the villages, florida, 2
coconut grove, florida, 6
santee, california, 1
wiley, colorado, 2
bedford hills, new york, 1
chicago, illinois, 558
la porte, texas, 4
walpole, massachusetts, 2
larchmont, new york, 2
cuddebackville, new york, 1
broadlands, virginia, 1
shawnee, kansas, 7
stowe, vermont, 1
san fernando, california, 3
santa maria, california, 3
copperas cove, texas, 1
oak lawn, illinois, 1
saipan, cnmi, northern mariana islands, 1
greenville, mississippi, 1
mckinney, texas, 1
colorado city, texas, 1
old ocean, texas, 1
adairsville, georgia, 2
lavergne, tennessee, 1
st. paul, minnesota, 21
dadeville, alabama, 7
mill valley, california, 1
york, pennsylvania, 4
san jacinto, california, 2
plymouth meeting, pennsylvania, 4
west covina, california, 2
woodbridge, new jersey, 33
miamisburg, ohio, 7
rockland, massachusetts, 4
waldwick, new jersey, 2
whitesburg, kentucky, 1
melbourne, florida, 7
warwick, new york, 3
dearborn heights, michigan, 2
hermiston, oregon, 2
berwyn heights, maryland, 1
san antonio, california, 1
show low, arizona, 1
olympia fields, illinois, 2
1120 alps rd, new jersey, 1
woodhaven, new york, 1
lansdale, pennsylvania, 2
hutchinson, kansas, 2
leonardtown, maryland, 2
north hills, california, 2
beatrice, nebraska, 2
northbrook, illinois, 18
pinellas park, florida, 1
covington, georgia, 2
elko, nevada, 1
park ridge, illinois, 5
saint joseph, michigan, 2
vails gate, new york, 1
cupertino, california, 277
lathrup village, michigan, 1
arden, north carolina, 1
avon, ohio, 1
kingsport, tennessee, 5
eau claire, wisconsin, 3
rochester, michigan, 21
antioch, california, 6
tukwila, washington, 3
hazelwood, missouri, 2
warren township, new jersey, 6
sunnvyale, california, 1
murietta, california, 1
lena, illinois, 1
jupitor, florida, 1
south st. paul, minnesota, 1
saddle brook, new jersey, 10
levittown, pennsylvania, 3
stamford, connecticut, 75
warrington, pennsylvania, 1
norwell, massachusetts, 5
davie, florida, 10
cambridge, minnesota, 1
springfield gardens, new york, 2
citrus heights, california, 2
beacon, new york, 1
laurel, maryland, 8
radnor, pennsylvania, 3
whitehouse station, new jersey, 1
georgetown, kentucky, 1
mchenry, illinois, 5
elk grove village, illinois, 23
crookston, minnesota, 3
hyde park, massachusetts, 1
new hyde park, new york, 7
grand prairie, texas, 7
souderton, pennsylvania, 4
lorain, ohio, 1
lakewood, colorado, 3
brunswick, ohio, 2
fredonia, new york, 2
inglewood, california, 6
southborough, massachusetts, 25
wilmington, massachusetts, 4
lafayette, louisiana, 5
peabody, massachusetts, 2
greensboro, north carolina, 30
lake view terrace, california, 1
east walpole, massachusetts, 1
johnston, iowa, 3
queensbury, new york, 1
brooklyn new york, new york, 1
union city, california, 7
balch springs, texas, 5
laguna hills, california, 2
frankfort, kentucky, 1
wenonah, new jersey, 1
modesto, california, 9
new braunfels, texas, 2
mt. prospect, illinois, 5
woodcliff lake, new jersey, 9
el segundo, california, 70
martinsville, virginia, 1
101 longfellow hall, appian way, massachusetts, 1
washington, district of columbia, 234
cranbury, new jersey, 55
national harbor, maryland, 1
hobart, wisconsin, 1
pleasant prairie, wisconsin, 1
gettysburg, pennsylvania, 1
burlington, massachusetts, 85
del mar, california, 6
wayne, new jersey, 6
mercer island, washington, 1
davidson, north carolina, 3
fishers, indiana, 2
katy, texas, 20
marietta, georgia, 19
honolulu, hawaii, 27
excelsior springs, missouri, 1
lolita, texas, 1
campbell, california, 30
bellevue, nebraska, 3
sun city, arizona, 1
and cook county, illinois, 1
marlboro, new jersey, 3
jersey city, new jersey, 370
troy, north carolina, 1
wichita, kansas, 18
clemson, south carolina, 3
mission, texas, 2
millington, tennessee, 1
wildwood, new jersey, 1
beltsville, maryland, 4
darien, georgia, 1
coraopolis (moon township), pennsylvania, 1
canyon lake, california, 1
fraser, michigan, 1
rockville,, maryland, 1
montoursville, pennsylvania, 1
carlsbad, california, 42
mount prospect, illinois, 5
ladson, south carolina, 2
richmond, indiana, 1
thief river falls, minnesota, 2
victoria, texas, 3
salem, oregon, 12
fort scott, kansas, 1
glenmont, new york, 1
haverstraw, new york, 1
bettendorf, iowa, 1
aurora, colorado, 11
farmington hills, michigan, 394
mohave valley, arizona, 3
lincoln, nebraska, 17
brooklet, georgia, 2
hamilton, new jersey, 8
college point, new york, 8
providence, rhode island, 20
tinton falls, new jersey, 4
mill hall, pennsylvania, 1
arlington, virginia, 79
white oak, north carolina, 1
kissimmee, florida, 2
mastic, new york, 1
tinley park, illinois, 2
east millstone, new jersey, 2
inver grove heights, minnesota, 2
atascadero, california, 1
rogersville, tennessee, 1
flowery branch, georgia, 2
greenfield, massachusetts, 1
panorama city, california, 1
salisbury, maryland, 8
bronxville, new york, 2
davenport, iowa, 8
rochester, new york, 48
forest park, georgia, 3
cedar grove, new jersey, 2
douglaston, new york, 1
chadds ford, pennsylvania, 7
kettering, ohio, 9
cazenovia, new york, 1
tuckahoe, new york, 2
lamesa, texas, 1
whitman, massachusetts, 1
adelphi, missouri, 1
south williamson, kentucky, 2
rancho dominguez, california, 6
snellville,, georgia, 1
browns summit, north carolina, 1
elkton, maryland, 8
brentwood, tennessee, 9
easton, pennsylvania, 4
woodbridge, virginia, 5
lexington, massachusetts, 24
diamond bar, california, 17
san diego, texas, 1
east providence, rhode island, 2
allendale, south carolina, 1
north bend, oregon, 1
19 west street, new york, 1
johnston, rhode island, 1
norwood, new jersey, 5
middletown, connecticut, 2
springhouse, pennsylvania, 1
new paltz, new york, 2
oldsmar, florida, 6
circleville, new york, 1
upper marlboro, maryland, 3
wrentham, massachusetts, 1
hallandale beach, florida, 4
summerton, south carolina, 1
raymond, ohio, 5
grand island, nebraska, 1
doraville, atlanta, georgia, 1
new fairfield, connecticut, 1
clearwater, florida, 130
sun valley, california, 8
skokie, illinois, 12
rahway, new jersey, 2
columbus, ohio, 143
fort mill, south carolina, 4
harbor beach, michigan, 1
lader ranch, california, 1
mt. vernon, washington, 1
cedar falls, iowa, 7
caledonia, michigan, 2
rye brook, new york, 5
winnebago, nebraska, 1
orange, new jersey, 1
simi valley, california, 10
albert lea, minnesota, 2
hudson, massachusetts, 11
thornton, colorado, 3
commerce township, michigan, 1
ogden, kansas, 1
tysons corner, virginia, 23
highland park, michigan, 1
amagansett, new york, 1
roseland, new jersey, 11
lake providence, louisiana, 7
quogue, new york, 1
ajo, arizona, 6
chesterfield, missouri, 34
cleveland, tennessee, 1
cary, north carolina, 113
monmouth jct, new jersey, 24
killeen, texas, 3
milford, new hampshire, 1
stone mountain, georgia, 1
zanesville, ohio, 1
melrose park, illinois, 2
lebanon, new hampshire, 1
ft washington, maryland, 1
waco, texas, 5
south windsor, connecticut, 8
brownsville, texas, 8
fort kent, maine, 2
cheverly, maryland, 5
brookfield, connecticut, 2
newport beach, california, 31
durham, new hampshire, 3
pittsford, new york, 2
sparta, georgia, 1
anchorage, alaska, 6
round lake beach, illinois, 2
murrells inlet, south carolina, 1
dallas, georgia, 2
ft. lauderdale, florida, 11
montpelier, vermont, 1
southbury, connecticut, 1
glen allen, virginia, 19
caliente, nevada, 1
sevierville, tennessee, 1
fairfield, new jersey, 19
ridgecrest, california, 1
anna, ohio, 1
mountainside, new jersey, 1
la grande, oregon, 2
wilson, north carolina, 9
turlock, california, 4
liberty, texas, 2
brea, california, 30
benicia, california, 5
lincoln, illinois, 1
jefferson city, missouri, 7
palm desert, california, 5
mt. kisco, new york, 2
arlington, massachusetts, 1
morgan city, louisiana, 1
lexington, kentucky, 28
opelika, alabama, 4
chipley, florida, 1
lansing, illinois, 1
brattleboro, vermont, 1
sharon, massachusetts, 2
mount airy, north carolina, 2
san bernadino, california, 1
nettleton, mississippi, 1
kildeer, illinois, 4
newark, california, 50
mineola, new york, 17
goldson, north carolina, 1
oakdale, minnesota, 1
springfield, pennsylvania, 1
job_info_work_city, job_info_work_state, 1
irving,, texas, 2
mckeesport, pennsylvania, 1
long island city, new york, 56
coshocton, ohio, 1
hagatna, guam, 3
hawthorne, new york, 2
worthington, minnesota, 1
harwood heights, illinois, 1
carencro, louisiana, 1
test, alabama, 1
mayfield heights, ohio, 3
anaheim hills, california, 1
berrien springs, michigan, 4
vandalia, ohio, 1
dunn loring, virginia, 34
swarthmore, pennsylvania, 4
marksville, louisiana, 3
northborough, massachusetts, 3
dayton, ohio, 120
richland, mississippi, 1
gardner, massachusetts, 1
research triangle, north carolina, 1
bridgeville, pennsylvania, 2
meridian, idaho, 2
darien, illinois, 1
madison heights, michigan, 5
greenville, north carolina, 5
lambertville, new jersey, 1
saugus, massachusetts, 5
plainboro, new jersey, 1
appalachia, virginia, 1
bellaire, texas, 6
hayward, california, 8
sterling, virginia, 121
highland heights, ohio, 3
thousand oaks, california, 18
tallahassee, florida, 27
vance, alabama, 1
hancock, minnesota, 2
north andover, massachusetts, 4
parkland, florida, 2
chamblee, georgia, 2
tecumseh, michigan, 1
nassau bay, texas, 1
gaithersburg, maryland, 59
stevensville, maryland, 1
murrieta, california, 5
saxonburg, pennsylvania, 1
riverdale, maryland, 1
hastings, minnesota, 1
larchwood, iowa, 1
downington, pennsylvania, 1
corona, california, 12
west liberty, kentucky, 2
warrenton, north carolina, 1
mt. vernon, ohio, 6
clovis, new mexico, 1
laconia, new hampshire, 6
west bloomfield, michigan, 2
erlanger, kentucky, 3
terre haute, indiana, 4
creston, iowa, 1
lancaster, south carolina, 4
granger, indiana, 2
new britain, pennsylvania, 2
morrisville, north carolina, 41
suffolk, virginia, 1
livingston, new jersey, 6
boston, massachusetts, 297
rosharon, texas, 1
lake city, south carolina, 1
long beach, new york, 1
south milwaukee, wisconsin, 1
forest park, ohio, 1
greenville, south carolina, 17
festus, missouri, 1
saint petersburg, florida, 1
aberdeen, south dakota, 2
moon township, pennsylvania, 5
coralville, illinois, 1
princeton junction, new jersey, 16
hinsdale, illinois, 1
cranbury, pennsylvania, 5
signal hill, california, 3
tempe, arizona, 71
orient, ohio, 1
sleepy hollow, new york, 1
kingston, georgia, 1
rogers, arkansas, 7
humble, texas, 3
fairport, new york, 1
gretna, louisiana, 2
glenwood, maryland, 2
plentywood, montana, 2
ottawa, illinois, 1
southlake, maryland, 1
richardson, texas, 181
salem, virginia, 1
mount joy, pennsylvania, 1
thorofare, new jersey, 1
north chicago, illinois, 4
abington, pennsylvania, 9
teton village, wyoming, 1
navato, california, 1
morganville, new jersey, 11
salem, massachusetts, 1
lehi, utah, 20
decatur, illinois, 11
prince frederick, maryland, 6
hamden, connecticut, 2
malvern, arkansas, 1
fitchburg, massachusetts, 1
louisville, colorado, 3
kendall park, new jersey, 12
olney, maryland, 1
capitol heights,, maryland, 1
springfield, new jersey, 27
verona, wisconsin, 49
apple valley, california, 1
college park, maryland, 5
arkadelphia, arkansas, 1
northvale, new jersey, 2
winston-salem, north carolina, 16
south daytona, florida, 1
strongsville, ohio, 1
oshkosh, wisconsin, 2
taos, new mexico, 1
new london, new hampshire, 1
friona, texas, 1
lemon grove, california, 1
fishersville, virginia, 1
fayetteville, arkansas, 5
chelsea, massachusetts, 3
rock springs, wyoming, 1
houston, tennessee, 1
cedar rapids, iowa, 25
hackensack, new jersey, 17
cheraw, south carolina, 1
norridge, illinois, 1
los fresnos, texas, 1
moffett field, california, 4
carbondale, illinois, 2
westminster, colorado, 2
dunwoody, georgia, 1
montrose, colorado, 1
plainsville, ohio, 1
alamo height, texas, 1
centralia, washington, 1
tarrytown, new york, 13
charlotteville, virginia, 1
national city, california, 4
rock island, illinois, 3
olney, illinois, 1
league city, texas, 2
north kansas city, missouri, 36
white plains, new york, 35
madison hts, michigan, 1
fredericksburg, virginia, 6
mccalla, alabama, 5
dresher, pennsylvania, 1
natick, massachusetts, 44
unioncity, california, 1
orrville, ohio, 1
edinburg, texas, 6
tinnie, new mexico, 2
tumon, guam, 1
yigo, guam, 1
tucson, arizona, 35
presidio, texas, 8
ashland, kentucky, 3
ramsey, minnesota, 1
fremont, ohio, 1
smyrna, georgia, 1
pascagoula, mississippi, 1
roy, utah, 2
artesia, california, 1
butte, montana, 1
autryville, north carolina, 1
hudsonville, michigan, 1
golden, colorado, 1
centerville, virginia, 1
paragould, arkansas, 1
fosston, minnesota, 1
torrance, california, 122
twp of washington, new jersey, 1
lake oswego, oregon, 1
west palm beach, florida, 15
rosemount, minnesota, 1
gardena, california, 24
lewiston, maine, 4
cheshire, connecticut, 2
draper, utah, 3
stratford, connecticut, 1
millersville, maryland, 1
san pedro, california, 3
shelbyville, illinois, 1
university park, pennsylvania, 4
southlake, texas, 15
ft. white, florida, 1
cartersville, georgia, 1
petaluma, california, 5
warrenton, virginia, 2
corvallis, oregon, 10
littleton, massachusetts, 10
st. louis park, minnesota, 2
glendale, new york, 3
maynard, massachusetts, 2
franklin, wisconsin, 2
haymarket, virginia, 2
wildwood, florida, 1
bristow, virginia, 3
laveen, arizona, 1
fort wayne, indiana, 9
hollsopple, pennsylvania, 1
oak harbor, washington, 2
maywood, new jersey, 1
harrisonburg, virginia, 13
coventry, connecticut, 1
fond du lac, wisconsin, 2
mebane, north carolina, 3
johns creek, georgia, 20
medford, new jersey, 1
mccomb, mississippi, 2
marion, south carolina, 2
lathrop, california, 1
oakwood village, ohio, 1
safford, arizona, 2
lisle, illinois, 17
coon rapids, minnesota, 1
oakbrook terrace, illinois, 8
ponce, puerto rico, 1
sun city center, florida, 1
lodi, new jersey, 4
mountain view, california, 528
auburn, new york, 1
clifton, kansas, 1
glassboro, new jersey, 1
rivera beach, florida, 1
hagerstown, maryland, 4
hicksville, new york, 17
los alamitos, california, 2
walnut creek, california, 17
flagstaff, arizona, 4
hoboken, new jersey, 18
redmond, washington, 604
webster, massachusetts, 1
galloway, new jersey, 3
hadley, massachusetts, 1
fair lawn, new jersey, 1
lake forest, illinois, 15
horsham, pennsylvania, 9
lebanon, virginia, 3
mission hills, california, 1
indiana, pennsylvania, 1
willcox, arizona, 3
bellmawr, new jersey, 1
wilton, connecticut, 8
aubrey, texas, 1
waite park, minnesota, 1
calumet city, illinois, 1
walnut ridge, arkansas, 1
mt. vernon, illinois, 1
milford, connecticut, 7
west reading, pennsylvania, 7
hopkins, minnesota, 2
jackson heights, new york, 9
okeechobee, florida, 1
eatontown, new jersey, 8
visalia, california, 4
grand junction, colorado, 1
idabel, oklahoma, 1
redmond, vermont, 1
commerce, california, 11
carnegie [pittsburgh msa], pennsylvania, 1
colonial, new jersey, 1
feasterville, pennsylvania, 10
rockville, virginia, 3
matawan, new jersey, 16
fort lauderdale, florida, 52
la quinta, california, 1
st. peter, minnesota, 1
sioux city, iowa, 2
montebello, california, 4
lawrenceville, georgia, 46
rossville, georgia, 1
watermill, new york, 1
bartlett, tennessee, 8
madison, new jersey, 2
petersburg, virginia, 2
glen mills, pennsylvania, 3
west mifflin, pennsylvania, 2
jersey, new jersey, 1
east elmhurst, new york, 2
clifton, new jersey, 14
riverdale, illinois, 1
guilford, connecticut, 1
grand terrace, california, 1
portland, oregon, 49
mckenzie, tennessee, 1
vernon hills, illinois, 21
seneca falls, new york, 1
west allis, wisconsin, 1
darien, connecticut, 3
hamlet, north carolina, 1
roseville, minnesota, 3
pontiac, michigan, 7
fridley, michigan, 1
skowhegan, maine, 3
brookline, massachusetts, 2
chattanooga, tennessee, 13
santa clarita, california, 5
smithfield, north carolina, 3
boerne, texas, 3
princeton, new jersey, 245
new brighton, minnesota, 1
mount pleasant, south carolina, 1
alhambra, california, 5
cody, wyoming, 1
mossville, illinois, 12
notre dame, indiana, 5
clarksville, arkansas, 1
temple, texas, 2
evanston, wyoming, 1
floral park, new york, 2
newport news, virginia, 9
liberty, south carolina, 1
ardsley, new york, 1
renton, washington, 7
freeport, texas, 1
bethpage, new york, 5
phelan, california, 1
aurora, ohio, 2
carolina, puerto rico, 1
ramsey, new jersey, 2
watauga, texas, 1
erie, pennsylvania, 15
durant, , 1
belmar, new jersey, 1
riverside, california, 12
eunice, louisiana, 3
belle vernon, pennsylvania, 1
bala cynwyd, pennsylvania, 14
fairless hills, pennsylvania, 55
roseville, california, 20
greenville, alabama, 5
greenville, ohio, 1
moorpark, california, 3
wheatland, wyoming, 8
rancho santa fe, california, 1
lutherville, maryland, 1
queens village, new york, 1
beachwood, ohio, 1
chesterfield, virginia, 1
morgantown, west virginia, 10
williston, north dakota, 4
flower mound, texas, 8
dayton, texas, 10
carlisle, pennsylvania, 2
south portland, maine, 1
miramar, florida, 10
greenwood lake, new york, 1
tigard, oregon, 1
cortez, colorado, 1
montgomery, new jersey, 4
north riverside rd., illinois, 1
cedar city, utah, 1
marinette, wisconsin, 1
waller, texas, 1
st. louis, missouri, 85
conroe, texas, 4
rdewood shores, california, 1
manalapan, new jersey, 6
pembroke, north carolina, 1
woodland hills, california, 21
aloha, oregon, 4
pittsburg, texas, 1
farmers branch, texas, 1
peoria, arizona, 4
linthicum, maryland, 1
williamstown, massachusetts, 3
palatine, illinois, 13
haverhill, massachusetts, 1
cumberland, maryland, 9
harlem, montana, 1
springfield, massachusetts, 18
simsbury, connecticut, 3
menands, new york, 1
oberlin, ohio, 4
warminster, pennsylvania, 7
waverly, iowa, 1
pocatello, idaho, 1
green river, wyoming, 1
st. louis, north carolina, 1
san juan bautista, california, 1
maitland, florida, 2
hays, kansas, 2
mira loma, california, 1
palo verde, california, 1
shippensburg, pennsylvania, 5
huntley, illinois, 1
lafayette, california, 3
moraga, california, 1
lancaster, texas, 1
maspeth, new york, 10
burlington, vermont, 1
englewood, florida, 1
whitehall, pennsylvania, 1
everett, washington, 58
east stroudsburg, pennsylvania, 2
tuscon, arizona, 2
bartlett, illinois, 1
commerce city, colorado, 1
east syracuse, new york, 5
womelsdorf, pennsylvania, 1
romulus, michigan, 2
harrison, new york, 2
hackettstown, new jersey, 5
brunswick, georgia, 1
golden valley, minnesota, 14
lemoyne, pennsylvania, 2
warrensville heights, ohio, 1
canton, missouri, 1
monmouth, illinois, 3
bryn mawr, pennsylvania, 4
key west, florida, 1
center reach, new york, 1
brighton, massachusetts, 1
berkeley heights, new jersey, 6
williamson, west virginia, 1
knoxville, tennessee, 11
chesterfield, michigan, 1
fombell, pennsylvania, 2
seminole, texas, 10
bridgeport, connecticut, 7
brawley, california, 4
kerman, california, 1
bristol, connecticut, 3
washington, west virginia, 1
riverdale, georgia, 1
southfield, michigan, 135
dexter, michigan, 1
wetumpka, alabama, 1
mojave, california, 2
pleasant hill, california, 13
costa mesa, california, 31
greenwood village,, colorado, 1
san marcos, texas, 3
rancho cordova, california, 11
monsey, new york, 2
hartford, wisconsin, 1
brooklyn center, minnesota, 1
lynwood, california, 2
cranberry township, pennsylvania, 11
lubbock, texas, 10
wake forest, north carolina, 1
plainfield, illinois, 1
del rio, texas, 1
gloucester, massachusetts, 4
west chicago, illinois, 2
randallstown, maryland, 1
auburn, washington, 5
laguna beach, california, 2
biloxi, mississippi, 2
burton, texas, 1
langhorne, pennsylvania, 6
st. thomas, virgin islands, 17
elizabeth, new jersey, 4
hillsboro, washington, 1
macomb, illinois, 4
short hills, new jersey, 9
otsego, michigan, 1
tarzana, california, 3
norwalk, california, 5
southampton, new york, 3
nacogdoches, texas, 2
exeter, pennsylvania, 1
glen head, new york, 1
lake worth, florida, 3
marion, iowa, 1
pequot lakes, minnesota, 1
verona, virginia, 1
northampton, massachusetts, 1
glen rose, texas, 1
olympia, washington, 3
joliet, illinois, 1
danville, illinois, 4
moline, illinois, 12
valley stream, new york, 2
vernon, texas, 1
meeker, colorado, 1
aracdia, california, 1
seal beach, california, 3
fort pierce, florida, 2
bear, delaware, 17
muskogee, oklahoma, 3
henderson, nevada, 6
cuba, new mexico, 2
bourbonnais, illinois, 2
santa barbara, california, 19
vinton, louisiana, 1
seguin, texas, 3
glenside, pennsylvania, 2
cleveland, ohio, 92
carson, california, 19
springfield, ohio, 3
yardley, pennsylvania, 6
delran, new jersey, 1
woodridge, illinois, 1
allen park, michigan, 3
castle rock, colorado, 1
wakefield, massachusetts, 17
stephenville, texas, 4
wickliffe, ohio, 1
lynbrook, new york, 3
west valley city, utah, 2
bloomington, minnesota, 25
harmon, guam, 2
casper, wyoming, 3
boydton, virginia, 3
yorktown heights, new york, 5
columbia, missouri, 15
roswell, georgia, 26
bridgewater, new jersey, 45
kennett square, pennsylvania, 2
gadsden, alabama, 1
jefferson valley, new york, 1
la, california, 3
lake hopatcong, new jersey, 1
clewiston, florida, 1
benseville, illinois, 1
pella, iowa, 2
barstow, california, 2
indio, california, 3
temple hills, maryland, 4
milwaukee, wisconsin, 49
whiting, indiana, 1
sealy, texas, 4
lagrange, north carolina, 1
taylor, michigan, 3
new iberia, louisiana, 2
latrobe, pennsylvania, 1
old tappan, new jersey, 2
ellicott city, maryland, 10
johnson city, tennessee, 4
omak, washington, 1
gillette, wyoming, 1
tarboro, north carolina, 1
statesboro, georgia, 4
mokena, illinois, 1
medina, new york, 1
celebration, florida, 3
folsom, arizona, 1
mankato, minnesota, 3
north hollywood, california, 11
pala, california, 1
smithtown, new york, 1
rosedale, new york, 1
superior, wisconsin, 3
orchard lake, michigan, 1
fayetteville, georgia, 1
roxboro, north carolina, 1
madera, california, 1
dunn, north carolina, 2
charleston, south carolina, 8
winterville, north carolina, 1
tonawanda, new york, 11
rydal, pennsylvania, 1
sparta, kentucky, 1
mansfield, louisiana, 1
carrabassett valley, maine, 1
starkville, mississippi, 1
st. martinville, louisiana, 2
encino, california, 13
aliso viejo, california, 57
monroeville, pennsylvania, 3
nanuet, new york, 2
indiantown, florida, 2
morgantown, wv, west virginia, 1
s. el monte, california, 1
calabasas, california, 22
littleton, colorado, 4
port author, texas, 1
new hope, pennsylvania, 5
coos bay, oregon, 1
hanover, maryland, 10
cypress, california, 10
mullins, south carolina, 2
madison, alabama, 12
fairfield, ohio, 3
campbellsville, kentucky, 1
commerce, georgia, 1
orange, california, 10
itasca, illinois, 13
belleville, new jersey, 3
new hudson, michigan, 1
hollywood, california, 3
easton, maryland, 3
n. miami beach, florida, 1
estero, florida, 1
east peoria, illinois, 4
hercules, california, 6
loxahatchee, florida, 1
chester, pennsylvania, 1
des moines, iowa, 17
mililani, hawaii, 1
belle chasse, louisiana, 3
ishpeming, michigan, 1
riverside, connecticut, 2
milwaukie, oregon, 1
chagrin falls, ohio, 1
portsmouth, new hampshire, 8
athens, ohio, 3
clintondale, new york, 2
superior twp, michigan, 1
charlotte, california, 1
spanaway, washington, 1
forest, virginia, 1
rochester hills, michigan, 9
lakewood, california, 2
amherst, new hampshire, 1
binghampton, new york, 1
north reading, massachusetts, 7
houma, louisiana, 1
apple valley, minnesota, 5
columbia, maryland, 120
webster, texas, 3
holland, michigan, 3
longview, texas, 5
langston, oklahoma, 1
highland heights, kentucky, 2
beattyville, kentucky, 1
quincy, illinois, 1
suite 3000, new jersey, 1
el dorado hills, california, 16
acampo, california, 1
boardman, ohio, 1
andover, massachusetts, 22
latham, new york, 4
crossville, tennessee, 3
milton, new york, 1
san francsicso, california, 2
schaumburg, illinois, 172
clarksville, tennessee, 8
bellingham, washington, 5
lake zurich, illinois, 1
colchester, vermont, 3
emeryville, california, 30
schofield, wisconsin, 1
christiansburg, virginia, 1
pharr, texas, 3
locust valley, new york, 1
sterling, colorado, 1
elmhurst, illinois, 7
harrisburg, illinois, 1
sturgis, michigan, 1
la grange, illinois, 3
los angeles, california, 576
dublin, california, 14
martin, south carolina, 1
institute, west virginia, 1
chattanogga, tennessee, 1
richmond, kentucky, 3
billings, montana, 1
bristol, pennsylvania, 1
lovington, new mexico, 4
elizabethtown, kentucky, 1
cedar park, texas, 1
hacienda heights, california, 3
oak ridge, tennessee, 2
middletown, new jersey, 10
monmouth junction, new jersey, 26
edgartown, massachusetts, 1
pisacataway, new jersey, 1
east windsor, connecticut, 2
stillwater, oklahoma, 6
pembroke pines, florida, 7
hineston, louisiana, 1
teaneck, new jersey, 272
morris plains, new jersey, 10
danvers, massachusetts, 9
burke, virginia, 3
west lebanon, new hampshire, 2
durham, north carolina, 56
klamath falls, oregon, 1
upper marlboro, virginia, 1
roslyn, new york, 1
, , 14
mundelein, illinois, 8
oviedo, florida, 1
washington d.c., district of columbia, 4
cibecue, arizona, 1
north billerica, massachusetts, 2
glens falls, new york, 1
monticello, minnesota, 1
la grange, georgia, 1
healdsburg, california, 2
calverton, maryland, 1
parsippany, new jersey, 84
new hope, minnesota, 2
downey, california, 3
pomona, california, 9
somerville, massachusetts, 5
bridgeport, new jersey, 1
west windsor, new jersey, 14
austin, minnesota, 1
south pasadena, california, 2
mcclellan, california, 1
shaker hts., ohio, 1
uniontown, pennsylvania, 2
northridge, california, 20
lake forest, california, 20
ashland, massachusetts, 1
frostburg, maryland, 3
e. norwich, new york, 1
willmington, california, 1
university park, illinois, 2
east marion, new york, 1
upton, new york, 2
camp springs, maryland, 1
sykesville, maryland, 1
west des moines, iowa, 14
maiden, north carolina, 4
boothwyn, pennsylvania, 3
batesville, arkansas, 3
munfordville, kentucky, 1
ames, iowa, 8
east amherst, new york, 1
branchburg, new jersey, 4
galesburg, michigan, 1
selma, california, 1
van buren township, michigan, 3
export, pennsylvania, 1
carthage, mississippi, 1
sulphur, louisiana, 1
chico, california, 3
evanston, illinois, 18
putnam, connecticut, 2
belleville, kansas, 1
myakka city, florida, 1
starr, south carolina, 1
rancho santa margarita, california, 1
eagle bridge, new york, 1
derby, connecticut, 2
jasper, alabama, 1
st. cloud, minnesota, 1
venice, los angeles county, california, 1
cinnaminson, new jersey, 1
newark, texas, 1
woonsocket, rhode island, 1
el campo, texas, 1
wilmington, delaware, 63
bridgewarer, massachusetts, 1
cocoa, florida, 1
kalispell, montana, 2
mount pleasant, north carolina, 1
irvington, new jersey, 1
port washington, new york, 7
naples, florida, 10
bethlehem, pennsylvania, 28
owing mills, maryland, 1
lehighton, pennsylvania, 1
montauk, new york, 1
charlotte, north carolina, 168
boynton beach, florida, 5
morenci, arizona, 3
aberdeen, maryland, 2
northfield, illinois, 1
annandale, virginia, 15
emerson, new jersey, 3
brentwood, maryland, 1
rowayton, connecticut, 3
stanford, california, 11
herndon, virginia, 241
grand forks, north dakota, 3
palmerton, pennsylvania, 1
cape girardeau, missouri, 3
benecia, california, 1
commack, new york, 2
joplin, missouri, 7
sonora, california, 1
wichita falls, texas, 4
edgewater, new jersey, 2
twinsburg, ohio, 3
tory, michigan, 1
bentonville, arkansas, 45
gatesville, texas, 1
bloomfield hills, michigan, 4
chaska, minnesota, 1
orono, maine, 1
uniontown, ohio, 1
solana beach, california, 6
old fort, north carolina, 1
san carlos, arizona, 3
lexington, mississippi, 5
doral, florida, 29
fishkill, new york, 1
warren, rhode island, 1
imlay city, michigan, 1
liberal, kansas, 2
owensboro, kentucky, 1
dyersburg, tennessee, 1
manchester, missouri, 2
angels camp, california, 1
franklin, tennessee, 10
la puente, california, 3
galveston, texas, 13
jericho, new york, 3
flushing, new york, 39
monterey, california, 20
channahon, illinois, 2
metuchen, new jersey, 9
caldwell, texas, 1
brandon, florida, 1
sioux center, iowa, 3
phoenix, arkansas, 2
westborough, massachusetts, 65
camden, new jersey, 4
newburgh, new york, 2
warrenville, illinois, 16
cumberland, rhode island, 4
roslindale, massachusetts, 1
fairfield, california, 2
wasco, california, 2
irvine, pennsylvania, 1
winona, minnesota, 1
shelter island heights, new york, 1
carrollton, texas, 17
palm coast, florida, 2
walterboro, south carolina, 2
harahan, louisiana, 1
spokane valley, washington, 2
goldsboro, north carolina, 2
des plaines, illinois, 19
hattiesburg, mississippi, 1
sacramento, california, 32
goodlettsville, tennessee, 1
west hills, california, 2
deer park, new york, 5
bonifay, florida, 1
oxnard, california, 12
pecos, texas, 1
wilmington, north carolina, 8
roxbury, massachusetts, 1
bremerton, washington, 2
desert hot springs, california, 2
elmont, new york, 2
coralville, iowa, 1
harrison, arkansas, 1
ruston, louisiana, 10
west hartford, connecticut, 2
salisbury, north carolina, 1
reedsport, oregon, 2
belleville, michigan, 1
redwood coty, california, 1
saint louis, missouri, 7
breinigsville, pennsylvania, 4
midlothian, texas, 1
manhattan beach, california, 8
pittsburgh, pennsylvania, 275
skaneateles falls, new york, 1
ridgeland, mississippi, 6
midland, michigan, 1
hyannis, massachusetts, 1
mansfield, texas, 1
fairfax, virginia, 110
broussard, louisiana, 1
port washignton, massachusetts, 1
new york city, new york, 10
newark, new york, 1
carteret, new jersey, 1
hobe sound, florida, 3
herriman, utah, 1
cedar hill, texas, 1
oakhill, west virginia, 1
old greenwich, connecticut, 4
fort deposit, alabama, 2
logan, west virginia, 1
shelby township, michigan, 1
missouri city, texas, 1
eureka, nevada, 1
bethesda, maryland, 58
middleton, massachusetts, 2
cranston, rhode island, 4
hoffman estates, illinois, 36
fountain inn, south carolina, 1
irvine, california, 294
flemington, new york, 3
cumming, georgia, 89
anaheim, california, 39
ridgefield, connecticut, 7
fort washington, pennsylvania, 11
covina, california, 3
montclair, california, 3
sparks, nevada, 2
tulsa, oklahoma, 40
ann arbor, michigan, 73
bloomington, illinois, 14
mcbee, south carolina, 1
santa fe, new mexico, 1
waukegan, illinois, 13
san anselmo, california, 1
tuba city, arizona, 6
enid, oklahoma, 2
sumter, south carolina, 1
syracuse, new york, 13
hermosa beach, california, 3
bushnell, florida, 1
loudonville, new york, 1
hartland, wisconsin, 2
sugarland, texas, 3
keene, texas, 1
east rutherford, new jersey, 3
windsor, vermont, 1
murray, kentucky, 6
navarre, ohio, 1
bayside, new york, 8
johnson city, new york, 1
red springs, north carolina, 1
commerce, texas, 3
suwanee, georgia, 51
bothell, washington, 20
santa rosa, california, 9
sunfield, michigan, 1
gahanna, ohio, 10
sag harbor,, new york, 1
little falls, new jersey, 1
sarasota, florida, 11
decorah, iowa, 2
austin, texas, 335
paulden, arizona, 2
snellville, georgia, 1
salem, indiana, 1
villa park, california, 1
potomac, maryland, 8
north providence, rhode island, 3
lewis center, ohio, 11
hampton bays, new york, 1
wesmont, illinois, 1
hampton (perryville), new jersey, 1
greenacres, florida, 1
mercerville, new jersey, 2
bel air, maryland, 2
grand haven, michigan, 1
west melbourne, florida, 1
keene, new hampshire, 7
dominguez hills, california, 1
detroit lakes, minnesota, 5
tuba, arizona, 1
claymont, delaware, 1
whitehouse, texas, 2
malden, massachusetts, 2
, pennsylvania, 1
tallmadge, ohio, 2
berwick, pennsylvania, 1
carrollton, georgia, 1
cuptertino, california, 2
middle village, new york, 1
springfield, illinois, 39
franklin, kentucky, 2
olean, new york, 9
burtonsville, maryland, 1
garland, texas, 26
crosby, texas, 1
vega alta, puerto rico, 1
bridgeton, missouri, 1
buffalo grove, illinois, 6
wyoming, minnesota, 2
north wilkesboro, north carolina, 1
webster, new york, 3
valdosta, georgia, 3
brown deer, wisconsin, 2
west seneca, new york, 1
cedarhurst, new york, 2
tuskegee, alabama, 1
south san francisco, california, 32
fort stockton, texas, 1
odenton, maryland, 2
fitzgerald, georgia, 2
mansfield, massachusetts, 6
exton, pennsylvania, 33
novi, michigan, 52
chula vista, california, 7
hazlet, new jersey, 7
brooksville, florida, 2
sant ana, california, 2
mahwah, new jersey, 18
dover, new jersey, 2
gila bend, arizona, 1
lake mary, florida, 12
saint cloud, minnesota, 1
warrendale, pennsylvania, 1
green bay, wisconsin, 13
new providence, new jersey, 1
zeeland, michigan, 1
walnut park, california, 1
babylon, new york, 1
jetmore, kansas, 1
cimarron, kansas, 1
payson, arizona, 2
redding, california, 2
santa clara, ohio, 1
greensburg, pennsylvania, 1
orange park, florida, 1
dania, florida, 2
kenner, louisiana, 7
east orange, new jersey, 3
st. paul, michigan, 1
lloyd harbor, new york, 1
woodside, new york, 5
winchester, massachusetts, 1
wauconda, illinois, 1
research triangle park, north carolina, 55
schuylkill haven, pennsylvania, 1
new york, , 1
blackville, south carolina, 1
waterford, new york, 1
hibbing, minnesota, 1
ketchikan, alaska, 1
hollywood, florida, 8
creve coeur, missouri, 1
montclair, new jersey, 3
storrs, connecticut, 6
grass valley, california, 1
plainsboro, new jersey, 128
east liberty, ohio, 1
englewood cliffs, new jersey, 10
scranton, pennsylvania, 7
buellton, california, 1
birmingham, alabama, 33
caldwell, kansas, 1
universal city, california, 1
dover, new hampshire, 4
placentia, california, 6
muscatine, iowa, 6
hialeah, florida, 10
warwick, rhode island, 7
reynoldsburg, ohio, 3
north adams, massachusetts, 1
lexington park, maryland, 1
oakland, california, 36
omaha, nebraska, 111
holbrook, new york, 2
canton, new york, 1
kuhnsville, pennsylvania, 1
newton, massachusetts, 16
jarrell, texas, 1
leon valley, texas, 1
harrison, michigan, 1
westlake, texas, 7
lynchburg, virginia, 9
phoenixville, pennsylvania, 1
bakersfield, california, 35
rancho cucamonga, california, 9
goleta, california, 17
hugoton, kansas, 2
galena park, texas, 1
vacaville, california, 6
collegeville, pennsylvania, 3
autin, texas, 1
henrietta, new york, 2
pasadena, california, 37
stevenson ranch, california, 1
memphis, tennessee, 78
kohler, wisconsin, 1
villard, minnesota, 1
painesville, ohio, 2
denville, new jersey, 1
central falls, rhode island, 2
avon park, florida, 1
ledbetter, texas, 1
weston, massachusetts, 4
marysville, ohio, 5
franklin park, new jersey, 1
cheyenne, wyoming, 1
el centro, california, 4
los gatos, california, 30
piermont, new york, 1
kearny, new jersey, 1
lancaster, pennsylvania, 2
pittsfield, massachusetts, 2
newrk, new jersey, 1
rome, georgia, 1
cameron park, california, 1
brooklyn, new york, 133
georgetown, texas, 2
bentonville, virginia, 1
pasco, washington, 1
kyle, texas, 3
richfield, ohio, 1
bangor, maine, 4
catano, puerto rico, 2
waltham, massachusetts, 84
hobbs, new mexico, 2
college station, texas, 14
new prague, minnesota, 1
banning, california, 2
waynesboro, virginia, 3
san gabriel, california, 3
brick, new jersey, 1
sun city west, arizona, 1
morris, minnesota, 1
chambersburg, pennsylvania, 1
mount vernon, new york, 3
shorter, alabama, 1
parkridge, illinois, 1
gary, indiana, 1
raymore, missouri, 2
jonesboro, arkansas, 5
city of industry, california, 35
arvin, california, 3
burleson, texas, 1
richfield, minnesota, 11
savannah, georgia, 30
pasadena, texas, 6
reading, massachusetts, 1
mount airy, maryland, 2
edina, minnesota, 2
clanton, alabama, 1
agawam, massachusetts, 1
springfield, virginia, 12
owings mills, maryland, 6
catawba, north carolina, 1
placerville, california, 1
woodbury, minnesota, 1
sun prairie, wisconsin, 2
bishopville, south carolina, 1
pine bush, new york, 1
laredo, texas, 3
eastman, georgia, 1
freehold, new jersey, 13
evergreen, alabama, 1
la grange, texas, 1
bensenville, illinois, 9
toledo, ohio, 11
washington, d.c., district of columbia, 3
luling, louisiana, 1
auburndale, massachusetts, 1
welch, west virginia, 1
deer park, illinois, 2
charlestown, massachusetts, 10
la habra, california, 1
graceville, florida, 1, [["o\fallon", \missouri\]]: 4
spring, texas, 3
fairlawn, new jersey, 1
gurnee, illinois, 1
jay, florida, 1
lindon, utah, 4
northboro, massachusetts, 3
maplewood (st. louis), missouri, 1
highland park, illinois, 1
edmonds, washington, 1
albany, new york, 36
coral gables, florida, 24
junction city, kansas, 1
van nuys, california, 8
trinity, alabama, 1
astoria, new york, 6
coral springs, florida, 5
foster city, california, 103
macungie, pennsylvania, 2
englewood, new jersey, 8
barranquitas, puerto rico, 1
montague, new jersey, 1
effingham, illinois, 2
mckinleyville, california, 1
newport, oregon, 2
yuma, arkansas, 1
new albant\\\\y, ohio, 1
canonsburg, pennsylvania, 43
rockport, texas, 1
addison, texas, 53
galliano, louisiana, 1
garden city, new york, 8
edison, new jersey, 645
long island, new york, 2
farmersberg, indiana, 1
ocean, new jersey, 1
la palma, california, 8
westfield, indiana, 1
barnegat light, new jersey, 1
olivette, missouri, 1
batavia, illinois, 1
brighton, colorado, 1
reno, nevada, 11
bethel, pennsylvania, 1
coolidge, arizona, 2
bedford, new hampshire, 1
union, new jersey, 21
ponte vedra beach, florida, 1
whiting, new jersey, 1
brookfield, wisconsin, 19
valhalla, new york, 3
louisville, kentucky, 99
upland, pennsylvania, 1
riviea beach, florida, 1
gresham, oregon, 3
whittier, california, 3
cooper city, florida, 2
bloomington, indiana, 14
villa rica, georgia, 1
hillsdale, new jersey, 2
aulander, north carolina, 1
bensalem, pennsylvania, 20
north platte, nebraska, 1
patchogue, new york, 1
escondido, california, 4
minong, wisconsin, 2
west los angeles, california, 1
fords, new jersey, 1
siler city, north carolina, 1
moneta, virginia, 1
plymouth, michigan, 26
baldwin, new york, 1
wexford, pennsylvania, 1
middleton, wisconsin, 8
philadelphia, pennsylvania, 140
franklin, virginia, 2
ogden, alaska, 1
stony brook, new york, 3
florence, south carolina, 4
carrboro, north carolina, 2
hopewell junction, new york, 7
elmhurst, new york, 6
fresh meadows, new york, 3
millwood, new york, 2
rosemead, california, 1
sylmar, california, 22
selma, texas, 1
pittsburg, kansas, 1
mission viejo, california, 8
batesville, indiana, 3
gonzales, texas, 1
piedmont, south carolina, 3
berwyn, pennsylvania, 4
lawton, oklahoma, 4
mendota heights, minnesota, 12
winesburg, ohio, 63
dallas, texas, 324
akron, new york, 1
east hartford, connecticut, 11
valparaiso, indiana, 3
bordentown, new jersey, 1
wayne, michigan, 1
hilo, hawaii, 1
roosevelt, new york, 1
miami, florida, 227
martin, tennessee, 1
kennett, missouri, 1
broken arrow, oklahoma, 3
beverly hills, michigan, 1
methuen, massachusetts, 1
allentown, pennsylvania, 25
buda, texas, 1
mineral point, wisconsin, 1
brevard, north carolina, 1
monmouth jct., new jersey, 1
amherst, massachusetts, 15
loves park, illinois, 1
holly hill, florida, 1
vermillion, south dakota, 1
east brunswick, new jersey, 115
menomonee falls, wisconsin, 14
buffalo, new york, 26
malvern, pennsylvania, 32
evendale, ohio, 1
redlands, california, 19
doraville, georgia, 3
fresno, california, 12
westwood, new jersey, 2
wadsworth, ohio, 1
kearney, nebraska, 1
huron, ohio, 1
lorman, mississippi, 1
holly springs, north carolina, 2
plains, kansas, 1
arvada, colorado, 1
brooklyn/ny, new york, 1
arlington hts, illinois, 1
mt. shasta, california, 1
liberty lake, washington, 1
canton, michigan, 29
linden, new jersey, 4
nogales, arizona, 1
nederland, colorado, 2
haskell, texas, 1
lomita, california, 4
fargo, north dakota, 28
westminster, california, 2
weatogue, connecticut, 1
pendergrass, georgia, 1
kew gardens, new york, 3
san rafael, california, 20
maryland heights, missouri, 2
rosenburg, texas, 1
pearland, texas, 7
hilliard, ohio, 30
woodward, oklahoma, 1
apex, north carolina, 1
tujunga, california, 2
hallandale, florida, 2
waukon, iowa, 1
gilbert, arizona, 3
mt. olive, new jersey, 1
peoria, illinois, 32
wyandotte, michigan, 1
glen ellyn, illinois, 2
mount kisco, new york, 2
whitestone, new york, 2
london, kentucky, 1
pico rivera, california, 5
albany, california, 1
brodhead, wisconsin, 1
oakley, california, 1
upper saddle river, new jersey, 2
el monte, california, 7
elk grove, california, 1
canton, north carolina, 1
franklin, ohio, 2
lytle, texas, 1
crescent valley, nevada, 2
bristol, rhode island, 2
iselin, new jersey, 306
queens, new york, 1
santa clara, new jersey, 1
racine, wisconsin, 5
hampton, iowa, 1
presque isle, maine, 2
boulder, colorado, 28
martinez, california, 2
weimar, texas, 1
flemington, new jersey, 6
bridgeport, nebraska, 2
kenosha, wisconsin, 1
mcpherson, kansas, 1
fairfax station, virginia, 4
traverse city, michigan, 2
north wildwood, new jersey, 1
morganton, north carolina, 12
union city, new jersey, 2
roxbury crossing, massachusetts, 1
royal oak, michigan, 6
warsaw, indiana, 7
lutz, florida, 1
martin, south dakota, 1
bluffton, indiana, 1
jamaica, new york, 10
allen, texas, 17
glenview, illinois, 9
sunrise, florida, 13
dillon, south carolina, 1
lakeworth, florida, 1
riverdale, new jersey, 1
blue island, illinois, 1
pueblo, colorado, 3
north whitakers,, north carolina, 1
roselle, illinois, 2
piscataway, new jersey, 303
medford, massachusetts, 5
malta, new york, 45
tyler, texas, 4
edgewood, maryland, 1
selma, alabama, 2
rolling meadows, illinois, 38
owings mill, maryland, 1
lexington, north carolina, 2
long beach, california, 33
bardstown, kentucky, 1
laramie, wyoming, 9
berkeley, california, 18
s. pasadena, california, 1
concord, north carolina, 3
cairo, georgia, 1
w. des moines, iowa, 1
manning, south carolina, 1
austell, georgia, 1
beech grove, indiana, 1
quantico, virginia, 1
sag harbor, new york, 4
san angelo, texas, 2
lakewood, new jersey, 4
scottsbluff, nebraska, 2
arlington, tennessee, 1
jacksonville, florida, 73
rowlett, texas, 1
elizabeth city, north carolina, 2
knightdale, north carolina, 2
spring valley, new york, 2
lewistown, pennsylvania, 2
perrysburg, ohio, 4
mystic, connecticut, 1
gilroy, california, 3
sandy springs, georgia, 4
merrimack, new hampshire, 8
aiken, south carolina, 1
fremont, california, 439
oxon hill, maryland, 3
rockaway, new jersey, 4
lexington, ohio, 1
claremont, california, 9
harrisburg, pennsylvania, 10
new haven, connecticut, 28
burlingame, california, 10
allendale, michigan, 2
urbandale, iowa, 6
muncie, indiana, 8
reading, pennsylvania, 22
dulles, virginia, 35
somers, new york, 111
manteca, california, 1
liberyville, illinois, 1
monroe, michigan, 2
adelanto, california, 2
marshfield, wisconsin, 9
olathe, kansas, 26
windermere, florida, 2
asbury park, new jersey, 1
whiteriver, arizona, 4
ellensburg, washington, 3
chalmette, louisiana, 1
dorchester, massachusetts, 1
garner, north carolina, 2
morrow, georgia, 14
hiawatha, kansas, 1
tallahasse, florida, 1
hammonton, new jersey, 1
little rock, alaska, 1
lansing, michigan, 9
riverwoods, illinois, 25
upland, california, 3
texas city, texas, 4
mt. laurel, new jersey, 13
seattle, washington, 465
benton harbor, michigan, 7
vienna, virginia, 63
san clemente, california, 5
hillsboro, oregon, 589
ivanhoe, north carolina, 2
deep river, connecticut, 1
kent, ohio, 6
midlothian, virginia, 4
carlstadt, new york, 1
crystal lake, illinois, 3
wixom, michigan, 47
clermont, florida, 1
orangeburg, new york, 5
hurricane, west virginia, 1
jessup, maryland, 4
dimmitt, texas, 2
bedford, massachusetts, 20
carlstadt, new jersey, 10
mount laurel, new jersey, 14
holmdel, new jersey, 1
rockwell, north carolina, 1
westford, massachusetts, 10
appleton, wisconsin, 5
carpinteria, california, 1
mechanicsburg, pennsylvania, 7
bemidji, minnesota, 5
rhinelander, wisconsin, 1
cusseta, alabama, 1
temple terrance, florida, 1
la crosse, wisconsin, 5
paramus, new jersey, 31
n. tonawanda, new york, 1
west fargo, north dakota, 2
biddeford, maine, 1
wentzville, missouri, 1
west valley, utah, 3
lynn, massachusetts, 2
madisonville, kentucky, 1
morton, pennsylvania, 1
conshohocken, pennsylvania, 6
santa paula, california, 1
dahlonega, georgia, 1
elon, north carolina, 3
folkston, georgia, 1
dover-foxcroft, maine, 2
eustis, florida, 1
raymond, maine, 1
downers grove, illinois, 23
alsip, illinois, 2
bancroft, iowa, 1
monona, wisconsin, 1
winston salem, north carolina, 2
middletown, pennsylvania, 8
denver, colorado, 61
coraopolis, pennsylvania, 5
lowell, massachusetts, 11
ada, michigan, 1
st. francis, kansas, 1
vancouver, washington, 13
park ridge, new jersey, 4
westerville, ohio, 12
glen rock, new jersey, 1
milaca, minnesota, 1
collegedale, tennessee, 1
oneonta, new york, 3
fort lee, new jersey, 15
duncan, south carolina, 3
coppell, texas, 15
montville, new jersey, 4
burlington, west virginia, 1
hanover, new hampshire, 6
hunt valley, maryland, 12
oak creek, wisconsin, 3
decatur, georgia, 10
asheboro, north carolina, 1
middlesex, new jersey, 2
waukesha, wisconsin, 12
east hampton, new york, 9
lindsay, nebraska, 1
chicgao, illinois, 1
holyoke, massachusetts, 7
frazer, pennsylvania, 2
malibu, california, 1
haskell, new jersey, 1
el paso, texas, 30
barnesville, georgia, 1
wayland, massachusetts, 1
keosauqua, iowa, 1
west liberty, west virginia, 1
nashville, tennessee, 45
rapidan, virginia, 2
oro valley, arizona, 1
grafton, wisconsin, 2
federal way, washington, 4
glendale, california, 46
ivor, virginia, 2
monrovia, california, 4
puyallup, washington, 5
hickory, nc, north carolina, 1
grants, new mexico, 3
hazard, kentucky, 2
farmington hills,, michigan, 1
harriman, tennessee, 1
westbrook, maine, 3
fairfield, iowa, 5
kalamazoo, michigan, 10
dacula, georgia, 3
flat rock, michigan, 2
walla walla, washington, 3
north charleston, south carolina, 1
glade hill, virginia, 1
dothan, alabama, 1
forest grove, oregon, 3
ormond beach, florida, 2
cantonment, florida, 1
billerica, massachusetts, 23
kansas city, kansas, 6
elkins park, pennsylvania, 4
fairbanks, alaska, 3
sallisaw, oklahoma, 1
seatac, washington, 1
snoqualmie, washington, 1
shakopee, minnesota, 7
red bank, new jersey, 5
bellevue, kentucky, 1
murphys, california, 1
hampshire, illinois, 1
north las vegas, nevada, 2
york, nebraska, 1
lagrange, illinois, 2
raeford, north carolina, 1
delray beach, florida, 5
jamestown, rhode island, 1
maumee, ohio, 2
college park, georgia, 1
florham park, new jersey, 24
worcester, massachusetts, 49
arab, alabama, 1
middletown, ohio, 3
portsmouth, virginia, 1
sunnyvale, texas, 1
grand ledge, michigan, 1
catonsville, maryland, 16
spencer, indiana, 1
linthicum heights, maryland, 1
yonkers, new york, 11
oklahoma city, oklahoma, 27
elgin, illinois, 4
indianpolis, indiana, 1
dover, delaware, 3
north brunswick, new jersey, 107
pelham, alabama, 2
beverly, massachusetts, 9
stroudsburg, pennsylvania, 3
garden grove, california, 19
batavia, ohio, 1
menlo park, california, 118
smiths grove, kentucky, 1
yucca valley, california, 2
branson, missouri, 1
hopkinsville, kentucky, 2
utica, new york, 4
kalama, washington, 1
dundalk, maryland, 2
troy, new york, 2
scott city, kansas, 1
lancaster, california, 5
riverdale, new york, 2
ojai, california, 1
dayton, maryland, 2
w hollywood, california, 1
rio rico, arizona, 1
poughkeepsie, new york, 16
giddings, texas, 2
leawood, kansas, 1
mounds view, minnesota, 5
shelton, washington, 2
bannockburn, illinois, 1
kutztown, pennsylvania, 2
thomasville, north carolina, 1
midland, texas, 4
edgewood, kentucky, 1
burbank, illinois, 1
boca raton, florida, 31
centennial, colorado, 7
dayton, new jersey, 11
west henrietta, new york, 1
blue springs, missouri, 2
grapevine, texas, 3
splendora, texas, 1
broomall, pennsylvania, 1
centerville, tennessee, 1
sunyvale, california, 1
bergenfield, new jersey, 3
kentwood, michigan, 1
san antonio, texas, 108
concordville (national headquarters), pennsylvania, 2
wauchula, florida, 1
everett, massachusetts, 1
leonia, new jersey, 4
columbus, mississippi, 1
chatham, virginia, 1
ijamsville, maryland, 4
donalsonville, georgia, 1
south plainfield, new jersey, 161
metairie, louisiana, 1
granite falls, north carolina, 1
logansport, indiana, 2
post falls, idaho, 1
north mankato, minnesota, 1
lecanto, florida, 2
humacao, puerto rico, 1
denton, texas, 3
toa baja, puerto rico, 1
folsom, pennsylvania, 1
marshall, minnesota, 2
lnincoln, nebraska, 1
middlebury, indiana, 1
plainview, new york, 8
wall township, new jersey, 2
loveland, colorado, 4
louisvile, kentucky, 2
lady lake, florida, 2
ypsilanti, michigan, 10
carmel, indiana, 14
hazleton, pennsylvania, 3
conyers, georgia, 1
santa monica, california, 85
rio grande city, texas, 2
st. petersburg, florida, 15
newburg, indiana, 1
south river, new jersey, 1
sewanee, tennessee, 1
bingham farms, michigan, 25
payson, utah, 2
bayamon, puerto rico, 2
newark, new jersey, 36
saxapahaw, north carolina, 1
redwood shores, california, 296
glenn dale, maryland, 1
spokane, washington, 7
miami beach, florida, 14
chino, california, 14
fayetteville, north carolina, 3
harris, new york, 1
palm springs, california, 2
st. cloud, florida, 1
robertsdale, alabama, 1
gainesville, virginia, 3
council, north carolina, 1
angleton, texas, 2
elmsford, new york, 3
port arthur, texas, 5
christiansted, virgin islands, 7
castro valley, california, 2
farmville, north carolina, 1
claxton, georgia, 16
greeleyville, south carolina, 1
longview, washington, 1
east burnswick, new jersey, 1
cortlandt manor, new york, 3
azusa, california, 5
mcdonough, georgia, 1
sw, washington dc, district of columbia, 1
bozeman, montana, 2
arleta, california, 1
vacaville, oregon, 1
suffern, new york, 1
philadephia, pennsylvania, 1
mesquite, texas, 15
weehawken, new jersey, 3
prichard, west virginia, 1
hesston, kansas, 3
livermore, california, 9
north little rock, alaska, 1
morton grove, illinois, 3
elkhart lake, wisconsin, 1
pendleton, oregon, 3
opelousas, louisiana, 1
naugatuck, connecticut, 2
gastonia, north carolina, 1
norco, california, 2
savannah, missouri, 1
southfiled, michigan, 1
holtsville, new york, 3
university, mississippi, 5
eastpeoria, illinois, 1
hoosick falls, new york, 1
los altos, california, 5
rutherford, new jersey, 7
mobile, alabama, 14
westlake village, california, 21
hanover park, illinois, 1
westlake, ohio, 3
chiefland, florida, 1
rexburg, idaho, 1
san pablo, california, 1
lexington, virginia, 3
tylertown, mississippi, 1
nebraska city, nebraska, 1
watchung, new jersey, 3