Economic Sector,Status,Zipcode,Company,Job Title,Origin Country
Other Economic Sector,Certified,77036,NEXT-G COMMUNICATIONS; INC.,Computer Systems Analysts,INDIA
Not Available,Denied,77075,SESAME HUT #2,Chefs and Head Cooks,SOUTH KOREA
Other Economic Sector,Certified,77002,CONTINENTAL AIRLINES; INC.,Financial Analysts,HONDURAS
Other Economic Sector,Certified,77024,UNIVERSE TECHNICAL TRANSLATION,Interpreters and Translators,AZERBAIJAN
Not Available,Denied,77028,GOLD STAR METALS,Purchasing Agents; Except Wholesale; Retail; and Farm Products,INDIA
IT,Certified,77042,SUNGARD CONSULTING SERVICES LLC,Computer Systems Analysts,INDIA
IT,Certified,77077,REVENTION; INC.,Computer Systems Analysts,INDIA
Hospitality,Certified,77015,TOMAS BAKERY,Cooks; Restaurant,MEXICO
Not Available,Certified,77010,HESS CORPORATION,Operations Research Analysts,INDIA
Other Economic Sector,Certified,77041,VECTOR GROUP; INC.,Mechanical Engineers,INDIA
IT,Certified,77046,RATIONAL SYSTEMS; LLC,Computer Software Engineers; Applications,VIETNAM
IT,Certified,77074,AMERICAN IT ASSOCIATES INC,Computer Software Engineers; Applications,INDIA
Educational Services,Certified,77058,UNIVERSITY OF HOUSTON-CLEAR LAKE,Criminal Justice and Law Enforcement Teachers; Postsecondary,SOUTH KOREA
Advanced Mfg,Certified,77023,C. E. SHEPHERD CO.;L.P.,Electrical Engineers,UNITED STATES OF AMERICA
Aerospace,Certified,77060,EQECAT; INC.,Atmospheric and Space Scientists,CHINA
Educational Services,Certified,77058,UNIVERSITY OF HOUSTON-CLEAR LAKE,Business Teachers; Postsecondary,CHINA
Aerospace,Certified,77081,FUGRO CONSULTANTS; INC.,Civil Engineers,CHINA
Energy,Certified,77079,CONOCOPHILLIPS COMPANY,Petroleum Engineers,INDIA
IT,Certified,77077,CAMELOT INTEGRATED SOLUTIONS INC,Computer Software Engineers; Applications,INDIA
Other Economic Sector,Certified,77056,BROKEN HILL PROPRIETARY (USA) INC.,Petroleum Engineers,TRINIDAD AND TOBAGO
Other Economic Sector,Certified,77056,BROKEN HILL PROPRIETARY (USA) INC.,Petroleum Engineers,TRINIDAD AND TOBAGO
IT,Certified,77042,SUNGARD CONSULTING SERVICES LLC,Computer Systems Analysts,INDIA
IT,Certified,77042,INFODAT INTERNATIONAL INC.,Computer Software Engineers; Applications,INDIA
IT,Certified,77068,CYBERSOFT TECHNOLOGIES; INC,Computer Software Engineers; Applications,CANADA
Other Economic Sector,Certified,77056,BROKEN HILL PROPRIETARY (USA) INC.,Geoscientists; Except Hydrologists and Geographers,MEXICO
IT,Certified,77036,INDUS VALLEY SOFTWARE; INC,Computer Software Engineers; Applications,INDIA
Other Economic Sector,Certified,77074,STAR PROMOTION INC.,Secretaries; Except Legal; Medical; and Executive,INDIA
IT,Certified,77074,AMERICAN IT ASSOCIATES INC,Computer Software Engineers; Applications,INDIA
IT,Certified,77077,CAMELOT INTEGRATED SOLUTIONS INC,Computer Software Engineers; Applications,INDIA
Aerospace,Certified,77010,QUANTUM RESERVOIR IMPACT,Petroleum Engineers,CHINA
Retail,Certified,77020,EASTEEM ENTERPRISE INC. DBA SPEEDY MART # 1,First-Line Supervisors/Managers of Retail Sales Workers,PAKISTAN
Advanced Mfg,Certified,77055,JOHN & KIMBERLY INVESTMENT; INC.,Chefs and Head Cooks,SOUTH KOREA
Aerospace,Certified,77032,WOOD GROUP POWER SOLUTIONS INC.,Industrial Engineers,INDIA
Other Economic Sector,Certified,77002,WASTE MANAGEMENT RENEWABLE ENERGY; LLC,Mechanical Engineers,MEXICO
IT,Certified,77057,CYNOSURE TECHNOLOGIES,Computer Software Engineers; Applications,INDIA
Other Economic Sector,Certified,77055,THE YE DARM PRESBYTERIAN CHURCH,Clergy,SOUTH KOREA
IT,Certified,77077,CAMELOT INTEGRATED SOLUTIONS INC,Software Developers; Applications,INDIA
IT,Certified,77057,CYNOSURE TECHNOLOGIES,Computer Software Engineers; Applications,INDIA
IT,Certified,77042,INFODAT INTERNATIONAL INC.,Computer Software Engineers; Applications,INDIA
Aerospace,Certified,77042,FRIEDE & GOLDMAN; LTD.,Marine Engineers and Naval Architects,UKRAINE
Educational Services,Certified,77017,TEJANO CENTER FOR COMMUNITY CONCERNS,Elementary School Teachers; Except Special Education,MEXICO
IT,Certified,77041,S&R PROFESSIONALS; L.P.,Computer Software Engineers; Applications,INDIA
Energy,Certified,77042,PROSPECTOR SUPPORT SERVICES; INC.,Marketing Managers,UNITED KINGDOM
IT,Certified,77041,S&R PROFESSIONALS; L.P.,Software Developers; Applications,INDIA
Aerospace,Certified,77079,WORLEYPARSONS GROUP; INC.,Civil Engineers,INDIA
IT,Certified,77057,CYNOSURE TECHNOLOGIES,Software Developers; Applications,INDIA
Advanced Mfg,Certified,77063,KNUST SBO,Machinists,MEXICO
Advanced Mfg,Certified,77063,KNUST SBO,Machinists,MEXICO
IT,Certified,77069,RAC INFOTECH INC,Software Developers; Applications,INDIA
Advanced Mfg,Certified,77077,SBM ATLANTIA; INC.,Marine Engineers and Naval Architects,INDIA
Advanced Mfg,Certified,77077,SBM ATLANTIA; INC.,Mechanical Engineers,CHINA
Advanced Mfg,Certified,77077,SBM ATLANTIA; INC.,Marine Engineers and Naval Architects,CHINA
Aerospace,Certified,77077,SK E&C AMERICA,Civil Engineers,MEXICO
Aerospace,Certified,77056,CB&I INC,Chemical Engineers,INDIA
IT,Certified,77040,NET MATRIX SOLUTIONS,Software Developers; Applications,INDIA
Aerospace,Certified,77056,CB&I INC,Chemical Engineers,INDIA
Advanced Mfg,Certified,77077,SBM ATLANTIA; INC.,Marine Engineers and Naval Architects,CANADA
IT,Certified,77040,NET MATRIX SOLUTIONS,Computer Systems Analysts,INDIA
Aerospace,Certified,77056,BECHTEL OIL; GAS AND CHEMICALS; INC.,Electrical Engineers,KENYA
IT,Certified,77083,PREMIER TECHNOLOGIES; INC.,Software Developers; Applications,INDIA
Advanced Mfg,Certified,77080,HMC INSTRUMENT & MACHINE WORKS; LTD.,Mechanical Engineers,SOUTH KOREA
Other Economic Sector,Certified,77056,PROLAMSA;INC,General and Operations Managers,MEXICO
IT,Certified,77041,S&R PROFESSIONALS; L.P.,Software Developers; Applications,INDIA
IT,Certified,77083,PREMIER TECHNOLOGIES; INC.,Software Developers; Applications,INDIA
Energy,Certified,77036,NATIONAL OILWELL VARCO; L.P.,Architectural and Engineering Managers,MEXICO
Geospatial,Certified,77042,GEOKINETICS INC.,Geoscientists; Except Hydrologists and Geographers,CANADA
Advanced Mfg,Certified,77027,GENOMMA LAB USA INC,Market Research Analysts and Marketing Specialists*,MEXICO
IT,Certified,77083,PREMIER TECHNOLOGIES; INC.,Computer Systems Analysts,INDIA
Health Care,Certified,77070,NAJMUDDIN KARIMJEE DBA LAKEWOOD FAMILY PRACTICE,Medical and Health Services Managers,PAKISTAN
Advanced Mfg,Certified,77040,EAGLEBURGMANN INDUSTRIES,Architectural and Engineering Managers,INDIA
Retail,Certified,77017,TEXAS BLUE STAR ENTERPRISES INC.,Accountants and Auditors,INDIA
Retail,Certified,77047,AYMAN INTERNATIONAL; INC. DBA EAGLE MART 2,First-Line Supervisors of Retail Sales Workers,PAKISTAN
IT,Certified,77070,SAI BUSINESS SOLUTIONS; LLC.,Computer Systems Analysts,INDIA
IT,Certified,77070,SAI BUSINESS SOLUTIONS; LLC.,Computer Systems Analysts,INDIA
Educational Services,Certified,77099,COSMOS FOUNDATION; INC.,Instructional Coordinators,TURKEY
IT,Certified,77070,SAI BUSINESS SOLUTIONS; LLC.,Software Developers; Applications,INDIA
IT,Certified,77070,SAI BUSINESS SOLUTIONS; LLC.,Software Developers; Applications,INDIA
Retail,Certified,77090,STOP N SAVE FOOD & GAS,Bookkeeping; Accounting; and Auditing Clerks,PAKISTAN
Aerospace,Certified,77060,AMERICAN BUREAU OF SHIPPING,Marine Engineers and Naval Architects,INDIA
IT,Certified,77077,CAMELOT INTEGRATED SOLUTIONS INC,Software Developers; Applications,INDIA
Aerospace,Certified,77056,BECHTEL OIL; GAS AND CHEMICALS; INC.,Cost Estimators,SOUTH KOREA
Aerospace,Certified,77019,BAKER HUGHES; INC.,Sales Managers,VENEZUELA
IT,Certified,77042,INFODAT INTERNATIONAL INC.,Software Developers; Applications,INDIA
Aerospace,Certified,77041,DEEPSEA TECHNOLOGIES; INC.,Architectural and Engineering Managers,INDIA
Aerospace,Certified,77070,CAPPO; INC. OF AMERICA,Architectural and Engineering Managers,MEXICO
Not Available,Certified,77002,SHELL OIL COMPANY,Petroleum Engineers,VENEZUELA
Other Economic Sector,Certified,77099,QUOC TRAN CORPORATION,Graphic Designers,VIETNAM
Aerospace,Certified,77074,AMANI ENGINEERING; INC.,Architectural and Engineering Managers,INDIA
Not Available,Certified,77054,BIOTEX INC,Biochemists and Biophysicists,POLAND
IT,Certified,77042,QUORUM BUSINESS SOLUTIONS; INC.,Software Developers; Applications,ARGENTINA
IT,Certified,77079,PRISERVE CONSULTING INC,Computer Systems Analysts,INDIA
Advanced Mfg,Certified,77027,CAMERON INTERNATIONAL CORPORATION,Industrial Engineers,MEXICO
IT,Certified,77079,PRISERVE CONSULTING INC,Software Developers; Applications,INDIA
IT,Certified,77079,PRISERVE CONSULTING INC,Software Developers; Applications,INDIA
Other Economic Sector,Certified,77028,SHELDON CONTAINERS; INC.,Bus and Truck Mechanics and Diesel Engine Specialists,MEXICO
Energy,Certified,77036,NATIONAL OILWELL VARCO; L.P.,Computer Systems Analysts,CANADA
Energy,Certified,77095,GYRODATA; INC.,Mechanical Engineering Technicians,UNITED KINGDOM
Retail,Certified,77093,KARISHMA GROUP INC,Market Research Analysts and Marketing Specialists*,INDIA
Energy,Certified,77042,SCHLUMBERGER TECHNOLOGY CORPORATION,Geoscientists; Except Hydrologists and Geographers,CHINA
Advanced Mfg,Certified,77015,AMERIFORGE GROUP INC,Architectural and Engineering Managers,INDIA
Energy,Certified,77067,NOBLE ENERGY INC.,Mathematicians,NETHERLANDS
Aerospace,Certified,77042,DEEPSEA US INC.,Mechanical Engineers,INDIA
Educational Services,Certified,77031,RAINDROP FOUNDATION; INC.,Budget Analysts,TURKEY
IT,Certified,77057,INTERNATIONAL TECHNOLOGIES PRO LLC DBA IQ TECHPROS,Software Developers; Applications,INDIA
Not Available,Certified,77043,ELLINGTON & ASSOCIATES; INC.,Geoscientists; Except Hydrologists and Geographers,VENEZUELA
Energy,Certified,77002,TOTAL PETROCHEMICALS & REFINING USA; INC.,Materials Scientists,MEXICO
Health Care,Certified,77099,IBN SINA FOUNDATION,Medical and Health Services Managers,PAKISTAN
Advanced Mfg,Certified,77010,EQUISTAR CHEMICALS LP,Chemical Engineers,CANADA
IT,Certified,77077,OM CONSULTING INC DBA WISE MEN CONSULTANTS,Software Developers; Applications,INDIA
Educational Services,Certified,77081,ENERGIZED FOR EXCELLENCE ACADEMY; INC.,Secondary School Teachers; Except Special and Career/Technical Education,PHILIPPINES
Advanced Mfg,Certified,77041,WOOD GROUP LIGHT INDUSTRIAL TURBINES (USA); INC.,Mechanical Engineers,VENEZUELA
Other Economic Sector,Certified,77031,RAINDROP FOUNDATION; INC.,Instructional Coordinators,TURKEY
IT,Certified,77070,ADVENT GLOBAL SOLUTIONS;INC.,Computer and Information Systems Managers,INDIA
Advanced Mfg,Certified,77023,MERICHEM COMPANY,Sales Engineers,CANADA
IT,Certified,77070,ADVENT GLOBAL SOLUTIONS;INC.,Computer and Information Systems Managers,INDIA
Health Care,Certified,77003,CASTILLO DENTAL CLINIC,Medical and Health Services Managers,COLOMBIA
IT,Certified,77070,ADVENT GLOBAL SOLUTIONS;INC.,Computer and Information Systems Managers,INDIA
IT,Certified,77070,ADVENT GLOBAL SOLUTIONS;INC.,Computer and Information Systems Managers,INDIA
Energy,Certified,77041,SUBSEA 7 (US) L.L.C.,Logisticians,BRAZIL
IT,Certified,77070,ADVENT GLOBAL SOLUTIONS;INC.,Computer and Information Systems Managers,INDIA
Other Economic Sector,Certified,77024,ENTRION; INC.,Architectural and Engineering Managers,INDIA
Advanced Mfg,Certified,77067,FMC TECHNOLOGIES,Mechanical Engineers,CANADA
Advanced Mfg,Certified,77067,FMC TECHNOLOGIES,Mechanical Engineers,INDIA
Aerospace,Certified,77056,CB&I INC,Civil Engineers,COLOMBIA
Aerospace,Certified,77070,INTEGRITY STRUCTURAL CORP,Architectural and Civil Drafters,EL SALVADOR
Aerospace,Certified,77056,BECHTEL OIL; GAS AND CHEMICALS; INC.,Cost Estimators,INDIA
Aerospace,Certified,77060,AMERICAN BUREAU OF SHIPPING,Architectural and Engineering Managers,INDIA
Aerospace,Certified,77063,NILTRONIX CIRCUITS INC.,Electronics Engineers; Except Computer,INDIA
Advanced Mfg,Certified,77034,INSPECTORATE AMERICA CORPORATION,Chemists,INDIA
Finance,Certified,77057,PANNELL KERR FORSTER OF TEXAS; P. C.,Accountants and Auditors,INDIA
Not Available,Certified,77010,HESS CORPORATION,Architectural and Engineering Managers,CANADA
Construction,Certified,77041,TDK CONSTRUCTION COMPANY,Architects; Except Landscape and Naval,AUSTRALIA
Advanced Mfg,Certified,77041,ALLSTYLE COIL CO;L.P.,Mechanical Engineers,COLOMBIA
IT,Certified,77057,FLEXERA GLOBAL; INC,Software Developers; Applications,INDIA
Advanced Mfg,Certified,77067,FMC TECHNOLOGIES,Industrial Engineers,NIGERIA
IT,Certified,77042,SMARTBRIDGE LLC,Computer and Information Systems Managers,INDIA
Aerospace,Certified,77002,KBR TECHNICAL SERVICES; INC.,Marine Engineers and Naval Architects,SOUTH KOREA
Energy,Certified,77079,BP AMERICA INC.,Geoscientists; Except Hydrologists and Geographers,RUSSIA
IT,Certified,77057,FLEXERA GLOBAL; INC,Software Developers; Applications,INDIA
IT,Certified,77077,EZ2 TECHNOLOGIES; INC,Software Developers; Systems Software,INDIA
IT,Certified,77008,INFOSENSEGLOBAL INC,Database Administrators,INDIA
IT,Certified,77077,EZ2 TECHNOLOGIES; INC,Computer Systems Analysts,INDIA
Advanced Mfg,Certified,77079,FLOATEC; LLC DBA FLOATEC SOLUTIONS; LLC,Marine Engineers and Naval Architects,CHINA
IT,Certified,77077,EZ2 TECHNOLOGIES; INC,Computer Systems Analysts,INDIA
IT,Certified,77024,PARADIGM GEOPHYSICAL CORP,Software Developers; Systems Software,ISRAEL
Energy,Certified,77079,CONOCOPHILLIPS COMPANY,Geoscientists; Except Hydrologists and Geographers,CHINA
Aerospace,Certified,77079,2H OFFSHORE INC.,Marine Engineers and Naval Architects,CHINA
Finance,Certified,77056,TRANSNETWORK CORPORATION,Financial Managers,MEXICO
IT,Certified,77077,EZ2 TECHNOLOGIES; INC,Computer Systems Analysts,INDIA
IT,Certified,77042,YALTECH CONSULTING INC,Software Developers; Applications,INDIA
Aerospace,Certified,77042,HALLIBURTON ENERGY SERVICES; INC.,Petroleum Engineers,MEXICO
Advanced Mfg,Certified,77067,FMC TECHNOLOGIES,Computer Systems Analysts,INDIA
Other Economic Sector,Certified,77099,ASHE SKIN CARE INC.,Customer Service Representatives,BANGLADESH
Advanced Mfg,Certified,77079,FLOATEC; LLC DBA FLOATEC SOLUTIONS; LLC,Marine Engineers and Naval Architects,SOUTH KOREA
Advanced Mfg,Certified,77079,FLOATEC; LLC DBA FLOATEC SOLUTIONS; LLC,Marine Engineers and Naval Architects,CHINA
IT,Certified,77024,PARADIGM GEOPHYSICAL CORP,Sales Engineers,LEBANON
Aerospace,Certified,77002,KBR TECHNICAL SERVICES; INC.,Industrial Engineers,INDIA
Advanced Mfg,Certified,77079,FLOATEC; LLC DBA FLOATEC SOLUTIONS; LLC,Marine Engineers and Naval Architects,INDIA
Advanced Mfg,Certified,77079,FLOATEC; LLC DBA FLOATEC SOLUTIONS; LLC,Marine Engineers and Naval Architects,INDIA
Energy,Certified,77067,NABORS CORPORATE SERVICES; INC.,Computer Systems Analysts,INDIA
Advanced Mfg,Certified,77042,DRESSER-RAND COMPANY,Mechanical Engineers,CANADA
Advanced Mfg,Certified,77072,MENS WEARHOUSE; INC.,Software Developers; Applications,INDIA
IT,Certified,77024,PARADIGM GEOPHYSICAL CORP,Sales Engineers,CANADA
Advanced Mfg,Certified,77027,MAVERICK TUBE CORPORATION,Computer Systems Analysts,UNITED KINGDOM
Energy,Certified,77079,CONOCOPHILLIPS COMPANY,Geoscientists; Except Hydrologists and Geographers,SOUTH KOREA
Aerospace,Certified,77060,AMERICAN BUREAU OF SHIPPING,Mechanical Engineers,CHINA
Energy,Certified,77036,NATIONAL OILWELL VARCO; L.P.,Software Developers; Systems Software,INDIA
Energy,Certified,77041,VENMAR; INC,Architectural and Engineering Managers,VENEZUELA
Transportation,Certified,77060,INTERMARINE; LLC,Marketing Managers,FRANCE
Not Available,Certified,77002,SHELL OIL COMPANY,Petroleum Engineers,INDIA
Advanced Mfg,Certified,77067,FMC TECHNOLOGIES,Industrial Engineers,INDIA
IT,Certified,77057,FLEXERA GLOBAL; INC,Management Analysts,INDIA
Aerospace,Certified,77079,WORLEYPARSONS GROUP; INC.,Electrical Engineers,SYRIA
Energy,Certified,77042,LANDMARK GRAPHICS CORPORATION,Software Developers; Applications,INDIA
IT,Certified,77042,BITSOFCODE SOFTWARE SYSTEMS; INC.,Computer Systems Analysts,INDIA
Energy,Certified,77046,OCCIDENTAL OIL AND GAS,Petroleum Engineers,INDIA
IT,Certified,77072,LMK RESOURCES; INC,Computer Systems Analysts,PAKISTAN
IT,Certified,77072,LMK RESOURCES; INC,Computer Systems Analysts,PAKISTAN
IT,Certified,77069,BIZTEON INC.,Software Developers; Applications,INDIA
IT,Certified,77069,BIZTEON INC.,Software Developers; Applications,INDIA
IT,Certified,77069,BIZTEON INC.,Software Developers; Applications,INDIA
Advanced Mfg,Certified,77067,FMC TECHNOLOGIES,Electronics Engineers; Except Computer,INDIA
Other Economic Sector,Certified,77077,BIOURJA TRADING; LLC,Financial Managers,CANADA
Advanced Mfg,Certified,77041,TOSHIBA INTERNATIONAL CORPORATION,Training and Development Specialists,CANADA
IT,Certified,77042,INTERACTIVE NETWORK TECHNOLOGIES; INC. (INT; INC.),Software Developers; Applications,FRANCE
Hospitality,Certified,77072,THAI COTTAGE II; INC.,Management Analysts,THAILAND
Finance,Certified,77027,RJA LTD.,Financial Managers,CANADA
IT,Certified,77046,FUELQUEST; INC.,Computer Systems Analysts,INDIA
Aerospace,Certified,77064,ARCHER MANAGEMENT (US) LLC,Accountants and Auditors,INDIA
Advanced Mfg,Certified,77064,FOXCONN ASSEMBLY LLC,Production; Planning; and Expediting Clerks,TAIWAN
Energy,Certified,77041,SUBSEA 7 (US) L.L.C.,Logisticians,UNITED KINGDOM
Energy,Certified,77079,CONOCOPHILLIPS COMPANY,Geoscientists; Except Hydrologists and Geographers,NEPAL
Construction,Certified,77055,RAMCO ERECTORS; INC.,First-Line Supervisors of Construction Trades and Extraction Workers,HONDURAS
Aerospace,Certified,77079,WORLEYPARSONS GROUP; INC.,Architectural and Engineering Managers,CANADA
IT,Certified,77042,INTERACTIVE NETWORK TECHNOLOGIES; INC. (INT; INC.),Software Developers; Applications,FRANCE
IT,Certified,77042,INTERACTIVE NETWORK TECHNOLOGIES; INC. (INT; INC.),Software Developers; Applications,FRANCE
IT,Certified,77068,CYBERSOFT TECHNOLOGIES; INC,Software Developers; Applications,INDIA
IT,Certified,77042,INTERACTIVE NETWORK TECHNOLOGIES; INC. (INT; INC.),Software Developers; Applications,FRANCE
Aerospace,Certified,77042,COMMONWEALTH ENGINEERING AND CONSTRUCTION; LLC,Chemical Engineers,INDIA
Aerospace,Certified,77064,ARCHER MANAGEMENT (US) LLC,Chief Executives,UNITED KINGDOM
Educational Services,Certified,77084,THE REACH GROUP AMERICAS; LLC,General and Operations Managers,CANADA
Not Available,Certified,77010,HESS CORPORATION,Architectural and Engineering Managers,UNITED KINGDOM
Advanced Mfg,Certified,77072,MENS WEARHOUSE; INC.,Software Developers; Systems Software,INDIA
IT,Certified,77042,BITSOFCODE SOFTWARE SYSTEMS; INC.,Industrial Engineers,INDIA
IT,Certified,77042,INFODAT INTERNATIONAL INC.,Software Developers; Applications,INDIA
Other Economic Sector,Certified,77056,ARGUS MEDIA; INC.,Marketing Managers,MEXICO
IT,Certified,77042,SUNGARD CONSULTING SERVICES LLC,Computer and Information Systems Managers,INDIA
Energy,Certified,77060,HELIX ENERGY SOLUTIONS GROUP INC.,Architectural and Engineering Managers,NETHERLANDS
Construction,Certified,77041,VERSABAR; INC,Architectural and Engineering Managers,HONG KONG
Aerospace,Certified,77079,TECHNIP USA; INC.,Mechanical Engineers,FRANCE
Aerospace,Certified,77079,TECHNIP USA; INC.,Mechanical Engineers,PHILIPPINES
Other Economic Sector,Certified,77002,USA WASTE MANAGEMENT RESOURCES; LLC,Software Developers; Applications,INDIA
Advanced Mfg,Certified,77072,MENS WEARHOUSE; INC.,Software Developers; Applications,INDIA
Not Available,Certified,77002,SHELL OIL COMPANY,Software Developers; Applications,CANADA
Automotive,Certified,77011,PENAS TRANSMISSION INC,Automotive Service Technicians and Mechanics,MEXICO
Advanced Mfg,Certified,77027,CORSICANA TECHNOLOGIES,Sales Engineers,UNITED KINGDOM
Advanced Mfg,Certified,77002,USA WASTE MANAGEMENT RESOURCES; LLC,Software Developers; Applications,INDIA
Construction,Certified,77002,VESTAS TECHNOLOGY R&D AMERICAS; INC.,Mechanical Engineers,INDIA
Aerospace,Certified,77079,WORLEYPARSONS GROUP; INC.,Mechanical Engineers,INDIA
Other Economic Sector,Certified,77036,HASAN INTERNATIONAL; INC.,Financial Managers,PAKISTAN
Finance,Certified,77056,STEWART TITLE GUARANTY COMPANY,Software Developers; Applications,INDIA
Energy,Certified,77073,SMITH INTERNATIONAL; INC.,Materials Engineers,INDIA
Not Available,Certified,77002,SHELL OIL COMPANY,Chemical Engineers,CANADA
Aerospace,Certified,77031,TELLUS OILFIELD; INC.,Mechanical Engineers,INDIA
Educational Services,Certified,77081,AMIGOS POR VIDA FRIENDS FOR LIFE HOUSING AND EDUCATION CORP.,Elementary School Teachers; Except Special Education,COLOMBIA
Aerospace,Certified,77042,HALLIBURTON ENERGY SERVICES; INC.,Accountants and Auditors,CHINA
Energy,Certified,77041,W-INDUSTRIES,Electrical Engineers,INDIA
Energy,Certified,77041,W-INDUSTRIES,Electrical Engineers,INDIA
Energy,Certified,77046,OCCIDENTAL OIL AND GAS,Petroleum Engineers,INDIA
Other Economic Sector,Certified,77046,ENAXIS CONSULTING,Management Analysts,INDIA
IT,Certified,77077,EZ2 TECHNOLOGIES; INC,Software Developers; Systems Software,INDIA
Aerospace,Certified,77042,HALLIBURTON ENERGY SERVICES; INC.,Mechanical Engineers,VENEZUELA
Not Available,Certified,77002,SHELL OIL COMPANY,Geoscientists; Except Hydrologists and Geographers,TURKEY
Not Available,Certified,77002,SHELL OIL COMPANY,Geoscientists; Except Hydrologists and Geographers,UNITED KINGDOM
Educational Services,Certified,77030,BAYLOR COLLEGE OF MEDICINE,Physicians and Surgeons; All Other,CANADA
Aerospace,Certified,77081,PEGASUS INTERNATIONAL; INC.,Civil Engineers,CHINA
Not Available,Certified,77002,SHELL OIL COMPANY,Chemical Engineers,CHINA
Not Available,Certified,77002,SHELL OIL COMPANY,Chemical Engineers,SOUTH KOREA
Aerospace,Certified,77056,CB&I INC,Mechanical Engineers,SRI LANKA
Aerospace,Certified,77002,KBR TECHNICAL SERVICES; INC.,Civil Engineers,TAIWAN
Not Available,Certified,77002,SHELL OIL COMPANY,Architectural and Engineering Managers,CANADA
Aerospace,Certified,77074,AMANI ENGINEERING; INC.,Civil Engineers,INDIA
IT,Certified,77036,CHANG - SHENG; INC.,Advertising and Promotions Managers,CHINA
Advanced Mfg,Certified,77067,FMC TECHNOLOGIES,Mechanical Engineers,INDIA
Not Available,Certified,77002,SHELL OIL COMPANY,Geoscientists; Except Hydrologists and Geographers,ITALY
Advanced Mfg,Certified,77056,AIR LIQUIDE LARGE INDUSTRIES U.S. LP,Financial Managers,SRI LANKA
IT,Certified,77099,KOMPUTER+ PERIPHERALS; INC.,Computer Systems Analysts,PHILIPPINES
Aerospace,Certified,77056,CB&I INC,Civil Engineers,COLOMBIA
Aerospace,Certified,77094,DMAR ENGINEERING; INC.,Mechanical Engineers,CHINA
Aerospace,Certified,77042,AKER SUBSEA INC.,Electronics Engineers; Except Computer,INDONESIA
Aerospace,Certified,77054,ASSOCIATED TESTING LABORATORIES INC.,Environmental Scientists and Specialists; Including Health,INDIA
Aerospace,Certified,77054,ASSOCIATED TESTING LABORATORIES INC.,Environmental Scientists and Specialists; Including Health,INDIA
Advanced Mfg,Certified,77056,WEATHERFORD INTERNATIONAL,Mechanical Engineers,INDIA
IT,Certified,77077,EZ2 TECHNOLOGIES; INC,Computer Systems Analysts,INDIA
Construction,Certified,77002,VESTAS TECHNOLOGY R&D AMERICAS; INC.,Electrical Engineers,CHINA
Aerospace,Certified,77084,MUSTANG ENGINEERING; L.P.,Architectural and Engineering Managers,VENEZUELA
Finance,Certified,77002,DB ENERGY TRADING LLC,Securities; Commodities; and Financial Services Sales Agents,INDIA
Transportation,Certified,77032,LESCHACO; INC.,Cargo and Freight Agents,GERMANY
Advanced Mfg,Certified,77027,CAMERON INTERNATIONAL CORPORATION,General and Operations Managers,VENEZUELA
Finance,Certified,77040,HCC SERVICE COMPANY,Software Developers; Applications,INDIA
IT,Certified,77041,PERIPHERAL COMPUTER SUPPORT; INC.,Software Developers; Applications,MALAYSIA
Educational Services,Certified,77038,NORTH AMERICAN COLLEGE,Clinical; Counseling; and School Psychologists,TURKEY
Aerospace,Certified,77041,STRESS ENGINEERING SERVICES; INC.,Materials Engineers,BRAZIL
Aerospace,Certified,77041,STRESS ENGINEERING SERVICES; INC.,Civil Engineers,INDIA
Aerospace,Certified,77041,STRESS ENGINEERING SERVICES; INC.,Mechanical Engineers,BRAZIL
Energy,Certified,77036,NATIONAL OILWELL VARCO; L.P.,Computer Systems Analysts,INDIA
Other Economic Sector,Certified,77012,MV & SONS-TEXAS; L.P. D/B/A TIAN TIAN FOOD SERVICE,Accountants and Auditors,CHINA
Geospatial,Certified,77072,CGGVERITAS SERVICES (US) INC.,Operations Research Analysts,TUNISIA
Geospatial,Certified,77072,CGGVERITAS SERVICES (US) INC.,Operations Research Analysts,INDIA
Energy,Certified,77036,NATIONAL OILWELL VARCO; L.P.,Computer Systems Analysts,INDIA
Advanced Mfg,Certified,77027,CAMERON INTERNATIONAL CORPORATION,Computer Systems Analysts,INDIA
Geospatial,Certified,77072,CGGVERITAS SERVICES (US) INC.,Operations Research Analysts,CHINA
Advanced Mfg,Certified,77041,PRO-PLASTICS; INC.,Electrical Engineers,CHINA
Not Available,Denied,77024,VANTAGE FORCE; INC.,Computer Software Engineers; Applications,INDIA
Geospatial,Certified,77072,CGGVERITAS SERVICES (US) INC.,Operations Research Analysts,CHINA
Geospatial,Certified,77072,CGGVERITAS SERVICES (US) INC.,Operations Research Analysts,CHINA
Geospatial,Certified,77072,CGGVERITAS SERVICES (US) INC.,Operations Research Analysts,CHINA
Finance,Certified,77002,DB PORTFOLIO SOUTHWEST INC.,Software Developers; Applications,INDIA
Advanced Mfg,Certified,77027,CAMERON INTERNATIONAL CORPORATION,Industrial Engineers,MEXICO
IT,Certified,77042,SMARTBRIDGE LLC,Management Analysts,POLAND
Aerospace,Certified,77084,MUSTANG ENGINEERING; L.P.,Cost Estimators,VENEZUELA
Aerospace,Certified,77084,MUSTANG ENGINEERING; L.P.,Health and Safety Engineers; Except Mining Safety Engineers and Inspectors,BANGLADESH
IT,Certified,77027,MEDIWARE SOFTWARE CORPORATION,Market Research Analysts and Marketing Specialists*,PAKISTAN
IT,Certified,77036,CHANG - SHENG; INC.,Network and Computer Systems Administrators*,CHINA
Geospatial,Certified,77072,CGGVERITAS SERVICES (US) INC.,Operations Research Analysts,INDIA
Geospatial,Certified,77072,CGGVERITAS SERVICES (US) INC.,Operations Research Analysts,INDIA
Geospatial,Certified,77072,CGGVERITAS SERVICES (US) INC.,Operations Research Analysts,CHINA
Energy,Certified,77046,BUCKEYE PARTNERS; L.P.,Sales Managers,MEXICO
Aerospace,Certified,77042,HALLIBURTON ENERGY SERVICES; INC.,Software Developers; Applications,INDIA
Advanced Mfg,Certified,77040,EAGLEBURGMANN INDUSTRIES,Financial Managers,BRAZIL
Aerospace,Certified,77060,VINMAR INTERNATIONAL; LTD.,Financial Analysts,INDIA
Geospatial,Certified,77072,CGGVERITAS SERVICES (US) INC.,Operations Research Analysts,CHINA
Advanced Mfg,Certified,77067,FMC TECHNOLOGIES,Mechanical Engineers,INDIA
Geospatial,Certified,77072,CGGVERITAS SERVICES (US) INC.,Operations Research Analysts,CHINA
IT,Certified,77036,IVS CONSULTING; INC,Software Developers; Applications,INDIA
Aerospace,Certified,77079,GL NOBLE DENTON; INC.,Software Developers; Applications,UNITED KINGDOM
Finance,Certified,77046,BRIGGS & VESELKA CO,Accountants and Auditors,INDIA
Aerospace,Certified,77092,ERGONOMIC TRANSPORTATION SOLUTIONS; INC.,Urban and Regional Planners,IRAN
Geospatial,Certified,77072,CGGVERITAS SERVICES (US) INC.,Operations Research Analysts,CHINA
Energy,Certified,77079,BP AMERICA INC.,Geoscientists; Except Hydrologists and Geographers,INDIA
Geospatial,Certified,77072,CGGVERITAS SERVICES (US) INC.,Operations Research Analysts,TURKEY
Finance,Certified,77072,KEN QUACH INSURANCE AGENCY,Accountants and Auditors,VIETNAM
IT,Certified,77057,INTERNATIONAL TECHNOLOGIES PRO LLC DBA IQ TECHPROS,Network and Computer Systems Administrators*,PAKISTAN
Other Economic Sector,Certified,77056,UTEGRATION; INC.,Computer Systems Analysts,MALAYSIA
Energy,Certified,77060,HIGHMOUNT EXPLORATION & PRODUCTION SERVICES LLC,Accountants and Auditors,INDIA
IT,Certified,77077,CAMELOT INTEGRATED SOLUTIONS INC,Computer Systems Analysts,INDIA
IT,Certified,77057,INTERNATIONAL TECHNOLOGIES PRO LLC DBA IQ TECHPROS,Computer Systems Analysts,INDIA
Aerospace,Certified,77079,WORLEYPARSONS GROUP; INC.,Architectural and Engineering Managers,UNITED KINGDOM
IT,Certified,77077,CAMELOT INTEGRATED SOLUTIONS INC,Software Developers; Applications,INDIA
Other Economic Sector,Certified,77009,OVERSEAS TRADING INC.,Management Analysts,INDIA
Advanced Mfg,Certified,77067,FMC TECHNOLOGIES,Electrical Engineers,GHANA
Other Economic Sector,Certified,77074,FUGRO-JASON; INC.,Geoscientists; Except Hydrologists and Geographers,EGYPT
Energy,Certified,77046,DIRECT ENERGY,Market Research Analysts and Marketing Specialists*,UNITED KINGDOM
Advanced Mfg,Certified,77072,MENS WEARHOUSE; INC.,Computer and Information Systems Managers,INDIA
Aerospace,Certified,77079,2H OFFSHORE INC.,Marine Engineers and Naval Architects,TURKEY
Energy,Certified,77036,NATIONAL OILWELL VARCO; L.P.,Purchasing Managers,INDIA
IT,Certified,77077,EZ2 TECHNOLOGIES; INC,Software Developers; Systems Software,INDIA
Energy,Certified,77046,BOARDWALK PIPELINE PARTNERS; LP,Database Administrators,INDIA
Aerospace,Certified,77079,2H OFFSHORE INC.,Marine Engineers and Naval Architects,TURKEY
Geospatial,Certified,77072,CGGVERITAS SERVICES (US) INC.,Operations Research Analysts,CHINA
Geospatial,Certified,77072,CGGVERITAS SERVICES (US) INC.,Operations Research Analysts,MALAYSIA
Geospatial,Certified,77072,CGGVERITAS SERVICES (US) INC.,Operations Research Analysts,TUNISIA
Advanced Mfg,Certified,77067,FMC TECHNOLOGIES,Industrial Engineers,INDIA
Geospatial,Certified,77072,CGGVERITAS SERVICES (US) INC.,Software Developers; Applications,INDIA
Geospatial,Certified,77072,CGGVERITAS SERVICES (US) INC.,Software Developers; Applications,INDIA
Retail,Certified,77076,EL AHORRO SERVICES LLC,Accountants and Auditors,MEXICO
Advanced Mfg,Certified,77040,LASER CLADDING SERVICES LLC,Materials Engineers,INDIA
Advanced Mfg,Certified,77067,FMC TECHNOLOGIES,Mechanical Engineers,INDIA
IT,Certified,77070,ADVENT GLOBAL SOLUTIONS;INC.,Computer and Information Systems Managers,INDIA
Aerospace,Certified,77079,2H OFFSHORE INC.,Marine Engineers and Naval Architects,TURKEY
Energy,Certified,77042,PHILLIPS 66,Chemical Engineers,INDIA
Geospatial,Certified,77072,CGGVERITAS SERVICES (US) INC.,Operations Research Analysts,INDIA
IT,Certified,77070,ADVENT GLOBAL SOLUTIONS;INC.,Computer and Information Systems Managers,INDIA
Aerospace,Certified,77079,WORLEYPARSONS GROUP; INC.,Civil Engineers,INDIA
Aerospace,Certified,77042,XODUS GROUP INC,Materials Engineers,INDIA
Energy,Certified,77042,PHILLIPS 66,Environmental Scientists and Specialists; Including Health,MADAGASCAR
Energy,Certified,77042,PHILLIPS 66,Industrial Engineers,VENEZUELA
Aerospace,Certified,77019,BAKER HUGHES; INC.,Industrial Engineers,INDIA
Educational Services,Certified,77030,THE UNIV. OF TEXAS HEALTH SCIENCE CENTER - HOUSTON,Mathematical Science Teachers; Postsecondary,CHINA
Health Care,Certified,77057,NIGHTINGALE SERVICES; INC.,Medical and Health Services Managers,INDIA
Aerospace,Certified,77042,XODUS GROUP INC,Health and Safety Engineers; Except Mining Safety Engineers and Inspectors,INDIA
Aerospace,Certified,77042,HALLIBURTON ENERGY SERVICES; INC.,Network and Computer Systems Administrators*,INDIA
IT,Certified,77084,BLUWARE; INC.,Software Developers; Systems Software,INDIA
Energy,Certified,77042,PHILLIPS 66,Chemical Engineers,INDIA
Advanced Mfg,Certified,77027,CAMERON INTERNATIONAL CORPORATION,Mechanical Engineers,NIGERIA
Advanced Mfg,Certified,77027,CAMERON INTERNATIONAL CORPORATION,Mechanical Engineers,HONDURAS
Advanced Mfg,Certified,77067,ENERGY ALLOYS; L.L.C.,Software Developers; Applications,INDIA
Energy,Certified,77002,BG NORTH AMERICA; LLC,Architectural and Engineering Managers,UNITED KINGDOM
Aerospace,Certified,77056,BECHTEL OIL; GAS AND CHEMICALS; INC.,Network and Computer Systems Administrators*,PHILIPPINES
IT,Certified,77077,CAMELOT INTEGRATED SOLUTIONS INC,Software Developers; Applications,INDIA
Other Economic Sector,Certified,77041,OCEANEERING INTERNATIONAL; INC.,Mechanical Engineers,INDIA
Aerospace,Certified,77042,AKER SUBSEA INC.,Accountants and Auditors,UNITED KINGDOM
Other Economic Sector,Certified,77036,GOLDEN TOWN INTERNATIONAL LP,Cost Estimators,CHINA
Energy,Certified,77010,KEY ENERGY SERVICES; LLC,Accountants and Auditors,CHINA
Aerospace,Certified,77079,HOUSTON OFFSHORE ENGINEERING; LLC,Marine Engineers and Naval Architects,INDIA
Energy,Certified,77046,OCCIDENTAL OIL AND GAS,Architectural and Engineering Managers,COLOMBIA
Not Available,Denied,77099,COSMOS FOUNDATION; INC.,Instructional Coordinators,TURKEY
IT,Certified,77024,SALESMETRIX; INC.,Software Developers; Applications,INDIA
Aerospace,Certified,77042,HALLIBURTON ENERGY SERVICES; INC.,Instructional Coordinators,VENEZUELA
Aerospace,Certified,77056,BECHTEL OIL; GAS AND CHEMICALS; INC.,Mechanical Engineers,NIGERIA
IT,Certified,77024,SALESMETRIX; INC.,Software Developers; Applications,INDIA
Advanced Mfg,Certified,77027,CAMERON INTERNATIONAL CORPORATION,Accountants and Auditors,CANADA
IT,Certified,77057,INTERNATIONAL TECHNOLOGIES PRO LLC DBA IQ TECHPROS,Software Developers; Applications,INDIA
Advanced Mfg,Certified,77049,C&L PIPE SERVICES; INC.,Plumbers; Pipefitters; and Steamfitters,MEXICO
Not Available,Denied,77060,DRILLMEC INC.,Engineering Managers,ITALY
IT,Certified,77057,INTERNATIONAL TECHNOLOGIES PRO LLC DBA IQ TECHPROS,Computer Systems Analysts,INDIA
Aerospace,Certified,77036,GUNDA CORPORATION; LLC,Civil Engineers,INDIA
Advanced Mfg,Certified,77090,T3 ENERGY SERVICE; INC.,Industrial Engineers,DOMINICAN REPUBLIC
Health Care,Certified,77063,M. WINTER & ASSOCIATES PEDIATRIC REHABILITATION,Speech-Language Pathologists,COLOMBIA
Aerospace,Certified,77056,BECHTEL OIL; GAS AND CHEMICALS; INC.,Architectural and Engineering Managers,UNITED KINGDOM
Aerospace,Certified,77056,BECHTEL OIL; GAS AND CHEMICALS; INC.,Cost Estimators,INDIA
Other Economic Sector,Certified,77027,INPATIENT MEDICAL SERVICES. P.A.,Internists; General,PHILIPPINES
IT,Certified,77042,SUNGARD CONSULTING SERVICES LLC,Software Developers; Applications,INDIA
Aerospace,Certified,77056,BECHTEL HYDROCARBON TECHNOLOGY SOLUTIONS INC.,Chemical Engineers,INDONESIA
Energy,Certified,77067,NABORS CORPORATE SERVICES; INC.,Software Developers; Applications,INDIA
Health Care,Certified,77099,IBN SINA FOUNDATION,Health Educators,PAKISTAN
Advanced Mfg,Certified,77002,COOPER US; INC.,Software Developers; Applications,INDIA
IT,Certified,77077,SAPOT SYSTEMS INC,Software Developers; Applications,INDIA
Finance,Certified,77019,COMPASS BANK,Statisticians,SOUTH KOREA
IT,Certified,77027,SCARLET INFOTECH; INC DBA EXPEDIEN,Software Developers; Applications,INDIA
Advanced Mfg,Certified,77072,MENS WEARHOUSE; INC.,Software Developers; Applications,PAKISTAN
Aerospace,Certified,77042,HALLIBURTON ENERGY SERVICES; INC.,Mechanical Engineers,INDIA
Advanced Mfg,Certified,77072,MENS WEARHOUSE; INC.,Software Developers; Applications,INDIA
Advanced Mfg,Certified,77072,MENS WEARHOUSE; INC.,Software Developers; Applications,INDIA
IT,Certified,77002,PROS INC.,Software Developers; Applications,INDIA
IT,Certified,77069,QUALITY SYSTEM,Computer Systems Analysts,KAZAKHSTAN
Not Available,Certified,77002,SHELL OIL COMPANY,Petroleum Engineers,ITALY
Aerospace,Certified,77042,HALLIBURTON ENERGY SERVICES; INC.,Electronics Engineers; Except Computer,COLOMBIA
IT,Certified,77019,IDERA INC.;,Art Directors,MEXICO
Not Available,Denied,77075,POWELL ELECTRICAL SYSTEMS; INC.,Electrical Engineers,CANADA
Aerospace,Certified,77056,BECHTEL OIL; GAS AND CHEMICALS; INC.,Mechanical Engineers,PHILIPPINES
Aerospace,Certified,77056,BECHTEL OIL; GAS AND CHEMICALS; INC.,Industrial Engineers,INDIA
Aerospace,Certified,77058,KNIGHTHAWK ENGINEERING; INC.,Environmental Engineers,INDIA
IT,Certified,77042,SUNGARD CONSULTING SERVICES LLC,Software Developers; Applications,INDIA
Finance,Certified,77010,PULSE NETWORK LLC,Financial Managers,CHINA
Other Economic Sector,Certified,77036,C&C RESERVOIRS; INC.,Geoscientists; Except Hydrologists and Geographers,CHINA
Aerospace,Certified,77002,KBR TECHNICAL SERVICES; INC.,Mechanical Engineers,INDIA
Aerospace,Certified,77077,LLOYDS REGISTER TECHNICAL SERVICES; INC.,Software Developers; Applications,INDIA
Aerospace,Certified,77002,KBR TECHNICAL SERVICES; INC.,Mechanical Engineers,INDIA
Aerospace,Certified,77019,BAKER HUGHES; INC.,Human Resources Managers,FRANCE
Health Care,Certified,77063,M. WINTER & ASSOCIATES PEDIATRIC REHABILITATION,Speech-Language Pathologists,COLOMBIA
IT,Certified,77070,ADVENT GLOBAL SOLUTIONS;INC.,Computer and Information Systems Managers,INDIA
Advanced Mfg,Certified,77072,MENS WEARHOUSE; INC.,Software Developers; Applications,INDIA
Aerospace,Certified,77041,AMEC OIL & GAS; INC.,Electrical Engineers,CANADA
Aerospace,Certified,77060,ENGLOBAL CORPORATE SERVICES,Electronics Engineers; Except Computer,INDIA
IT,Certified,77070,ADVENT GLOBAL SOLUTIONS;INC.,Computer and Information Systems Managers,INDIA
Aerospace,Certified,77041,AMEC OIL & GAS; INC.,Mechanical Engineers,INDIA
IT,Certified,77060,CSOFT TECHNOLOGIES,Computer Systems Analysts,INDIA
Construction,Certified,77084,J P KENNY; INC.,Mechanical Engineers,INDIA
IT,Certified,77070,ADVENT GLOBAL SOLUTIONS;INC.,Computer and Information Systems Managers,INDIA
Aerospace,Certified,77040,SOFEC; INC.,Marine Engineers and Naval Architects,FRANCE
Finance,Certified,77056,EOX HOLDINGS LLC,Software Developers; Applications,INDIA
Aerospace,Certified,77041,AMEC OIL & GAS; INC.,Chemical Engineers,INDIA
Advanced Mfg,Certified,77067,FMC TECHNOLOGIES,Mechanical Engineers,INDIA
Aerospace,Certified,77042,AUDUBON ENGINEERING OPERATIONS; LLC,Chemical Engineers,INDIA
Aerospace,Certified,77042,AUDUBON ENGINEERING OPERATIONS; LLC,Chemical Engineers,INDIA
Advanced Mfg,Certified,77027,CAMERON INTERNATIONAL CORPORATION,Mechanical Engineers,INDIA
Energy,Certified,77042,LANDMARK GRAPHICS CORPORATION,Software Developers; Applications,CHINA
Advanced Mfg,Certified,77027,CAMERON INTERNATIONAL CORPORATION,Industrial Engineers,INDIA
Advanced Mfg,Certified,77027,CAMERON INTERNATIONAL CORPORATION,Mechanical Engineers,VENEZUELA
Energy,Certified,77098,EXXONMOBIL UPSTREAM RESEARCH COMPANY,Petroleum Engineers,NIGERIA
Other Economic Sector,Certified,77036,AMERICAN NEXCESS INC.,Market Research Analysts and Marketing Specialists*,CHINA
Construction,Certified,77032,TEXAS LONESTAR MECHANICAL; INC,Construction Managers,UNITED KINGDOM
Other Economic Sector,Certified,77084,ENVIRONMENTAL RESOURCES MANAGEMENT SOUTHWEST; INC.,Engineering Managers,CANADA
Aerospace,Certified,77079,TECHNIP USA; INC.,Chemical Engineers,VENEZUELA
Other Economic Sector,Certified,77002,USA WASTE MANAGEMENT RESOURCES; LLC,Computer and Information Systems Managers,INDIA
Aerospace,Certified,77042,HALLIBURTON ENERGY SERVICES; INC.,Geoscientists; Except Hydrologists and Geographers,INDIA
Advanced Mfg,Certified,77067,FMC TECHNOLOGIES,Mechanical Engineers,VENEZUELA
Advanced Mfg,Certified,77077,SBM ATLANTIA; INC.,Chemical Engineers,SINGAPORE
Advanced Mfg,Certified,77056,WEATHERFORD INTERNATIONAL,Petroleum Engineers,INDIA
Aerospace,Certified,77041,AMEC OIL & GAS; INC.,Health and Safety Engineers; Except Mining Safety Engineers and Inspectors,INDIA
Retail,Certified,77040,STONE TOOLS & SUPPLIES DBA NATURAL STONE SOLUTIONS,Operations Research Analysts,VENEZUELA
Energy,Certified,77036,NATIONAL OILWELL VARCO; L.P.,Electrical Engineers,MEXICO
Aerospace,Certified,77042,HALLIBURTON ENERGY SERVICES; INC.,Cost Estimators,INDIA
Construction,Certified,77092,DRAKE INTERIORS,Drywall and Ceiling Tile Installers,MEXICO
Health Care,Certified,77074,CARING PROFESSIONAL HEALTH SERVICES; INC.,Training and Development Specialists,PHILIPPINES
IT,Certified,77070,ADVENT GLOBAL SOLUTIONS;INC.,Computer and Information Systems Managers,INDIA
Aerospace,Certified,77056,BECHTEL OIL; GAS AND CHEMICALS; INC.,Civil Engineers,PHILIPPINES
IT,Certified,77036,IVS CONSULTING; INC,Software Developers; Applications,INDIA
Other Economic Sector,Certified,77057,GEMLAND TEXAS INC,Financial Managers,INDIA
Aerospace,Certified,77056,BECHTEL OIL; GAS AND CHEMICALS; INC.,Civil Engineers,INDIA
Not Available,Certified,77070,DYNAMED CLINICAL RESEARCH; LP,Computer Systems Analysts,CANADA
Energy,Certified,77036,NATIONAL OILWELL VARCO; L.P.,Sales Managers,MALAYSIA
Aerospace,Certified,77079,TECHNIP USA; INC.,Architectural and Engineering Managers,CANADA
Aerospace,Certified,77079,TECHNIP USA; INC.,Chemical Engineers,INDIA
Not Available,Certified,77010,HESS CORPORATION,Network and Computer Systems Administrators*,VENEZUELA
Aerospace,Certified,77079,TECHNIP USA; INC.,Civil Engineers,MEXICO
IT,Certified,77042,SUNGARD CONSULTING SERVICES LLC,Software Developers; Applications,INDIA
IT,Certified,77077,CAMELOT INTEGRATED SOLUTIONS INC,Software Developers; Applications,INDIA
Aerospace,Certified,77079,2H OFFSHORE INC.,Marine Engineers and Naval Architects,INDIA
Hospitality,Certified,77027,LANDRYS MANAGEMENT; L.P.,Software Developers; Applications,INDIA
Advanced Mfg,Certified,77027,CAMERON INTERNATIONAL CORPORATION,Industrial Engineers,UNITED KINGDOM
Advanced Mfg,Certified,77067,FMC TECHNOLOGIES,Sales Engineers,VENEZUELA
Aerospace,Certified,77042,HALLIBURTON ENERGY SERVICES; INC.,Computer and Information Research Scientists,CHINA
IT,Certified,77070,SAI BUSINESS SOLUTIONS; LLC.,Computer Systems Analysts,INDIA
Energy,Certified,77042,LANDMARK GRAPHICS CORPORATION,Software Developers; Applications,INDIA
Energy,Certified,77046,OCCIDENTAL OIL AND GAS,Mechanical Engineers,INDIA
Aerospace,Certified,77060,AMERICAN BUREAU OF SHIPPING,Marine Engineers and Naval Architects,INDIA
Advanced Mfg,Certified,77056,GOODMAN MANUFACTURING COMPANY; L.P.,Mechanical Engineers,INDIA
Advanced Mfg,Certified,77056,GOODMAN MANUFACTURING COMPANY; L.P.,Industrial Engineers,INDIA
Energy,Certified,77046,OCCIDENTAL OIL AND GAS,Computer Systems Analysts,INDIA
Aerospace,Certified,77070,INTEGRITY STRUCTURAL CORP,Civil Engineers,INDIA
Aerospace,Certified,77079,TECHNIP USA; INC.,Civil Engineers,NIGERIA
Other Economic Sector,Certified,77027,PDS AMERICAS LLC,Software Developers; Applications,INDIA
Advanced Mfg,Certified,77056,GOODMAN MANUFACTURING COMPANY; L.P.,Industrial Engineers,MEXICO
Aerospace,Certified,77019,BAKER HUGHES; INC.,Geoscientists; Except Hydrologists and Geographers,SPAIN
Advanced Mfg,Certified,77040,EAGLEBURGMANN INDUSTRIES,Industrial Engineers,GERMANY
Aerospace,Certified,77019,BAKER HUGHES; INC.,Sales Representatives; Wholesale and Manufacturing; Technical and Scientific Products,CANADA
IT,Certified,77077,EZ2 TECHNOLOGIES; INC,Software Developers; Systems Software,INDIA
Other Economic Sector,Certified,77042,CAP BARBELL INC,Computer Programmers,TAIWAN
Other Economic Sector,Certified,77056,BROKEN HILL PROPRIETARY (USA) INC.,Purchasing Managers,CANADA
Other Economic Sector,Certified,77063,UNITED GLOBAL SOLUTIONS,Credit Analysts,INDIA
Educational Services,Certified,77030,THE UNIV. OF TEXAS HEALTH SCIENCE CENTER - HOUSTON,Psychiatrists,UNITED KINGDOM
Advanced Mfg,Certified,77007,TEXAS TILE MANUFACTURING LLC,Industrial Engineers,INDIA
Energy,Certified,77042,LANDMARK GRAPHICS CORPORATION,Software Developers; Systems Software,CHINA
Aerospace,Certified,77002,ENI US OPERATING CO. INC.,Lawyers,VENEZUELA
Advanced Mfg,Certified,77027,CAMERON INTERNATIONAL CORPORATION,General and Operations Managers,INDIA
Energy,Certified,77070,CANRIG DRILLING TECHNOLOGY LTD.,Technical Writers,MEXICO
IT,Certified,77084,BLUWARE; INC.,Geoscientists; Except Hydrologists and Geographers,NIGERIA
Advanced Mfg,Certified,77051,PIPING TECHNOLOGY & PRODUCTS; INC.,Industrial Engineers,INDIA
Other Economic Sector,Certified,77007,INSYNC DESIGN INC.,Graphic Designers,BRAZIL
IT,Certified,77099,CWC INTERNATIONAL INC.,Statisticians,INDIA
Aerospace,Certified,77056,BECHTEL OIL; GAS AND CHEMICALS; INC.,Mechanical Engineers,INDIA
Hospitality,Certified,77043,MURPHYS DELI FRANCHISING INC,Chief Executives,PAKISTAN
Other Economic Sector,Certified,77077,LLOYDS REGISTER NORTH AMERICA; INC.,Marine Engineers and Naval Architects,INDIA
IT,Certified,77042,INTERACTIVE NETWORK TECHNOLOGIES; INC. (INT; INC.),Software Developers; Applications,RUSSIA
Aerospace,Certified,77077,LLOYDS REGISTER ENERGY AMERICAS; INC.,Chemical Engineers,INDIA
IT,Certified,77077,CAMELOT INTEGRATED SOLUTIONS INC,Software Developers; Applications,INDIA
Advanced Mfg,Certified,77051,PIPING TECHNOLOGY & PRODUCTS; INC.,Industrial Engineers,INDIA
Aerospace,Certified,77040,SOFEC; INC.,Marine Engineers and Naval Architects,CANADA
Energy,Certified,77046,OCCIDENTAL OIL AND GAS,Geoscientists; Except Hydrologists and Geographers,SOUTH AFRICA
Aerospace,Certified,77056,BECHTEL OIL; GAS AND CHEMICALS; INC.,Purchasing Managers,RUSSIA
Aerospace,Certified,77041,AMEC OIL & GAS; INC.,Architectural and Engineering Managers,INDIA
Aerospace,Certified,77040,SOFEC; INC.,Marine Engineers and Naval Architects,CHINA
Other Economic Sector,Certified,77042,HUBWOO USA; L.P.,Computer Systems Analysts,CANADA
Aerospace,Certified,77060,VINMAR INTERNATIONAL; LTD.,Chief Executives,AUSTRALIA
Advanced Mfg,Certified,77026,EN-FAB; INC,Mechanical Engineers,INDIA
Aerospace,Certified,77010,WALTER P. MOORE & ASSOCIATES,Civil Engineers,PAKISTAN
Aerospace,Certified,77079,TECHNIP USA; INC.,Mechanical Engineers,INDIA
Advanced Mfg,Certified,77048,HARRIS CAPROCK,Computer and Information Systems Managers,ECUADOR
Other Economic Sector,Certified,77064,MARKET 5201; LLC,Operations Research Analysts,MEXICO
IT,Certified,77077,EZ2 TECHNOLOGIES; INC,Computer and Information Systems Managers,INDIA
IT,Certified,77077,CAMELOT INTEGRATED SOLUTIONS INC,Computer Systems Analysts,INDIA
Energy,Certified,77046,TRANSOCEAN OFFSHORE DEEPWATER DRILLING INC.,Accountants and Auditors,INDIA
Other Economic Sector,Certified,77093,REDDYS PET CLINIC LLC,Veterinarians,INDIA
Aerospace,Certified,77041,AMEC OIL & GAS; INC.,Civil Engineers,MEXICO
Advanced Mfg,Certified,77056,WEATHERFORD INTERNATIONAL,Software Developers; Applications,CHINA
Geospatial,Certified,77079,PETROLEUM GEO-SERVICES; INC.,Geoscientists; Except Hydrologists and Geographers,INDIA
Biotechnology,Certified,77077,DOW HYDROCARBONS & RESOURCES LLC,Financial Managers,CANADA
Aerospace,Certified,77064,NCI GROUP; INC.,Civil Engineers,PAKISTAN
IT,Certified,77042,INFODAT INTERNATIONAL INC.,Financial Managers,PAKISTAN
Transportation,Certified,77066,HAL; INC.,Software Developers; Applications,INDIA
IT,Certified,77057,INTERNATIONAL TECHNOLOGIES PRO LLC DBA IQ TECHPROS,Computer Systems Analysts,CANADA
Aerospace,Certified,77056,BECHTEL OIL; GAS AND CHEMICALS; INC.,Mechanical Engineers,INDIA
Energy,Certified,77002,SHELL OIL COMPANY,Physicists,CANADA
Aerospace,Certified,77042,HALLIBURTON ENERGY SERVICES; INC.,Industrial Engineers,MEXICO
Aerospace,Certified,77042,EMAS-AMC INC.,Marine Engineers and Naval Architects,MEXICO
Aerospace,Certified,77002,KBR TECHNICAL SERVICES; INC.,Civil Engineers,INDIA
Advanced Mfg,Certified,77048,HARRIS CAPROCK,Software Developers; Applications,INDIA
Finance,Certified,77056,MFR; P.C.,Accountants and Auditors,VIETNAM
Advanced Mfg,Certified,77077,SBM ATLANTIA; INC.,Marine Engineers and Naval Architects,SOUTH KOREA
Energy,Certified,77042,LANDMARK GRAPHICS CORPORATION,Computer Systems Analysts,VIETNAM
Advanced Mfg,Certified,77077,SBM ATLANTIA; INC.,Marine Engineers and Naval Architects,INDIA
IT,Certified,77057,INTERNATIONAL TECHNOLOGIES PRO LLC DBA IQ TECHPROS,Computer Systems Analysts,GHANA
Energy,Certified,77079,CONOCOPHILLIPS COMPANY,Petroleum Engineers,COLOMBIA
Other Economic Sector,Certified,77042,DRESSER-RAND COMPANY,Sales Engineers,MALAYSIA
Other Economic Sector,Certified,77077,LLOYDS REGISTER NORTH AMERICA; INC.,Marine Engineers and Naval Architects,SPAIN
IT,Certified,77077,ISQARE TECHNOLOGIES;INC,Software Developers; Applications,INDIA
Energy,Certified,77046,OCCIDENTAL OIL AND GAS,Petroleum Engineers,CANADA
Energy,Certified,77046,OCCIDENTAL OIL AND GAS,Petroleum Engineers,INDIA
Aerospace,Certified,77056,BECHTEL OIL; GAS AND CHEMICALS; INC.,Mechanical Engineers,INDIA
Aerospace,Certified,77002,KBR TECHNICAL SERVICES; INC.,Mechanical Engineers,CANADA
Aerospace,Certified,77079,WORLEYPARSONS GROUP; INC.,Electrical Engineers,INDIA
IT,Certified,77077,ISQARE TECHNOLOGIES;INC,Software Developers; Applications,INDIA
Aerospace,Certified,77019,BAKER HUGHES; INC.,Architectural and Engineering Managers,TRINIDAD AND TOBAGO
Aerospace,Certified,77079,WORLEYPARSONS GROUP; INC.,Health and Safety Engineers; Except Mining Safety Engineers and Inspectors,MEXICO
Other Economic Sector,Certified,77056,UTEGRATION; INC.,Computer Systems Analysts,CANADA
Aerospace,Certified,77042,LANDMARK GRAPHICS CORPORATION,Computer Systems Analysts,VENEZUELA
Advanced Mfg,Certified,77027,CAMERON INTERNATIONAL CORPORATION,Industrial Engineers,VENEZUELA
Health Care,Certified,77036,AMERICAN SURGICAL ASSISTANTS; INC.,Physician Assistants,HONDURAS
IT,Certified,77077,CAMELOT INTEGRATED SOLUTIONS INC,Software Developers; Applications,INDIA
Advanced Mfg,Certified,77070,JIULI USA; INC.,Marketing Managers,CHINA
Aerospace,Certified,77042,HALLIBURTON ENERGY SERVICES; INC.,Physicists,CHINA
Advanced Mfg,Certified,77041,WOOD GROUP LIGHT INDUSTRIAL TURBINES (USA); INC.,Mechanical Engineers,INDIA
IT,Certified,77056,NEPSOFT INC.,Software Developers; Applications,BANGLADESH
IT,Certified,77042,AMPHORA; INC.,Computer and Information Systems Managers,INDIA
IT,Certified,77077,CAMELOT INTEGRATED SOLUTIONS INC,Software Developers; Applications,INDIA
Aerospace,Certified,77092,PTS LABORATORIES; INC.,Environmental Scientists and Specialists; Including Health,NIGERIA
Educational Services,Certified,77030,BAYLOR COLLEGE OF MEDICINE,Medical Scientists; Except Epidemiologists,SWITZERLAND
Advanced Mfg,Certified,77024,CRUCIALTEC USA; INC.,Marketing Managers,SOUTH KOREA
Energy,Certified,77002,SANCHEZ OIL & GAS CORPORATION,Petroleum Engineers,INDIA
Aerospace,Certified,77056,BECHTEL OIL; GAS AND CHEMICALS; INC.,Construction Managers,INDIA
Aerospace,Certified,77056,CB&I INC,Electronics Engineers; Except Computer,PHILIPPINES
Aerospace,Certified,77056,CB&I INC,Electronics Engineers; Except Computer,CANADA
Aerospace,Certified,77056,BECHTEL OIL; GAS AND CHEMICALS; INC.,Construction Managers,CHINA
Health Care,Certified,77058,CHRISTUS ST. JOHN HOSPITAL,Medical and Clinical Laboratory Technologists,SOUTH KOREA
Advanced Mfg,Certified,77074,TXY-TECH; INC.,Marketing Managers,CHINA
IT,Certified,77042,AMPHORA; INC.,Computer Systems Analysts,INDIA
Energy,Certified,77046,OCCIDENTAL OIL AND GAS,Petroleum Engineers,FRANCE
Energy,Certified,77079,CONOCOPHILLIPS COMPANY,Geoscientists; Except Hydrologists and Geographers,CHINA
IT,Certified,77036,ROYAL TECHNOCRATS INC,Software Developers; Applications,INDIA
Educational Services,Certified,77030,THE UNIV. OF TEXAS HEALTH SCIENCE CENTER - HOUSTON,Surgeons,ISRAEL
Energy,Certified,77056,AMOG CONSULTING INCORPORATED,Marine Engineers and Naval Architects,BRAZIL
Energy,Certified,77060,EXTERRAN ENERGY SOLUTIONS; L.P.,Financial Analysts,SRI LANKA
Aerospace,Certified,77079,HOUSTON OFFSHORE ENGINEERING; LLC,Marine Engineers and Naval Architects,INDIA
Retail,Certified,77025,STAGE STORES;INC.,Computer Systems Analysts,INDIA
Advanced Mfg,Certified,77010,EQUISTAR CHEMICALS LP,Environmental Engineers,CANADA
Aerospace,Certified,77056,CB&I INC,Civil Engineers,PHILIPPINES
Finance,Certified,77027,SITUS HOLDINGS LLC,Financial Analysts,INDIA
Health Care,Certified,77063,M. WINTER & ASSOCIATES PEDIATRIC REHABILITATION,Speech-Language Pathologists,COLOMBIA
Aerospace,Certified,77079,WORLEYPARSONS GROUP; INC.,Electrical Engineers,CANADA
IT,Certified,77036,ROYAL TECHNOCRATS INC,Software Developers; Applications,INDIA
Aerospace,Certified,77079,WORLEYPARSONS GROUP; INC.,Electrical Engineers,THAILAND
Health Care,Certified,77024,MEMORIAL HERMANN HEALTHCARE SYSTEM,Occupational Therapists,INDIA
Aerospace,Certified,77056,BECHTEL OIL; GAS AND CHEMICALS; INC.,Chemical Engineers,UNITED KINGDOM
Aerospace,Certified,77079,HOUSTON OFFSHORE ENGINEERING; LLC,Marine Engineers and Naval Architects,INDIA
Not Available,Certified,77042,MANJU SOFTWARE SOLUTIONS INC,Computer Systems Analysts,INDIA
Aerospace,Certified,77040,POST-TENSION SOLUTIONS OF TEXAS; INC.,Architects; Except Landscape and Naval,COLOMBIA
Advanced Mfg,Certified,77042,SCHLUMBERGER TECHNOLOGY CORPORATION,Sales Managers,NIGERIA
Energy,Certified,77041,THE MUDLOGGING COMPANY USA; LP,Architectural and Engineering Managers,SOUTH AFRICA
Educational Services,Certified,77012,HOUSTON GATEWAY ACADEMY,Elementary School Teachers; Except Special Education,VENEZUELA
Health Care,Certified,77063,M. WINTER & ASSOCIATES PEDIATRIC REHABILITATION,Speech-Language Pathologists,COLOMBIA
Aerospace,Certified,77084,AIA ENGINEERS; LTD,Civil Engineers,INDIA
Energy,Certified,77046,OCCIDENTAL OIL AND GAS,Geoscientists; Except Hydrologists and Geographers,ECUADOR
Aerospace,Certified,77056,CB&I INC,Mechanical Engineers,INDIA
Aerospace,Certified,77074,STRUCTUNEERING INC.,Civil Engineers,INDIA
Aerospace,Certified,77056,CB&I INC,Electrical Engineers,PHILIPPINES
Other Economic Sector,Certified,77002,USA WASTE MANAGEMENT RESOURCES; LLC,Network and Computer Systems Administrators*,INDIA
IT,Certified,77077,EZ2 TECHNOLOGIES; INC,Computer and Information Systems Managers,INDIA
IT,Certified,77070,ADVENT GLOBAL SOLUTIONS;INC.,Computer and Information Systems Managers,INDIA
Aerospace,Certified,77079,TECHNIP USA; INC.,Marine Engineers and Naval Architects,INDIA
Aerospace,Certified,77079,TECHNIP USA; INC.,Architectural and Engineering Managers,INDIA
Aerospace,Certified,77079,TECHNIP USA; INC.,Civil Engineers,INDIA
Energy,Certified,77002,CALPINE CORPORATION,Financial Managers,INDIA
Energy,Certified,77042,MAERSK OIL HOUSTON,Architectural and Engineering Managers,AUSTRALIA
IT,Certified,77024,STRUCTURE CONSULTING GROUP; LLC,Computer Systems Analysts,CANADA
Energy,Certified,77079,CONOCOPHILLIPS COMPANY,Software Developers; Applications,SPAIN
Aerospace,Certified,77056,BECHTEL OIL; GAS AND CHEMICALS; INC.,Architectural and Engineering Managers,UNITED KINGDOM
Advanced Mfg,Certified,77067,FMC TECHNOLOGIES,Construction Managers,INDIA
Advanced Mfg,Certified,77067,VOLTA LLC,Mechanical Engineers,INDIA
Other Economic Sector,Certified,77006,ATLANTIC COMMUNICATIONS LLC,Geoscientists; Except Hydrologists and Geographers,CANADA
Aerospace,Certified,77042,HALLIBURTON ENERGY SERVICES; INC.,Mechanical Engineers,INDIA
Advanced Mfg,Certified,77027,CAMERON INTERNATIONAL CORPORATION,Purchasing Managers,INDIA
Other Economic Sector,Certified,77002,PROS; INC.,Software Developers; Applications,INDIA
Other Economic Sector,Certified,77002,PROS; INC.,Software Developers; Applications,INDIA
Advanced Mfg,Certified,77067,FMC TECHNOLOGIES,Mechanical Engineers,BRAZIL
Energy,Certified,77046,DIRECT ENERGY,Database Administrators,INDIA
Energy,Certified,77036,NATIONAL OILWELL VARCO; L.P.,Mechanical Engineers,INDIA
IT,Certified,77032,FSV PAYMENT SYSTEMS; INC.,Software Developers; Systems Software,INDIA
Other Economic Sector,Certified,77002,PROS; INC.,Software Developers; Applications,CHINA
Energy,Certified,77002,ENBRIDGE EMPLOYEE SERVICES; INC.,Software Developers; Applications,CANADA
IT,Certified,77024,STRUCTURE CONSULTING GROUP; LLC,Computer Systems Analysts,INDIA
Advanced Mfg,Certified,77027,CAMERON INTERNATIONAL CORPORATION,Mechanical Engineers,INDIA
Advanced Mfg,Certified,77027,CAMERON INTERNATIONAL CORPORATION,Industrial Engineers,INDIA
Energy,Certified,77077,SCHLUMBERGER TECHNOLOGY CORP,Petroleum Engineers,INDIA
Other Economic Sector,Certified,77055,NOVA ASSET MANAGEMENT; INC.,Management Analysts,INDIA
IT,Certified,77077,CAMELOT INTEGRATED SOLUTIONS INC,Software Developers; Applications,INDIA
IT,Certified,77099,TLV ADVANCED SOFTWARE. INC,Software Developers; Applications,MEXICO
IT,Certified,77057,FLEXERA GLOBAL; INC,Software Developers; Applications,INDIA
Advanced Mfg,Certified,77077,SBM ATLANTIA; INC.,Mechanical Engineers,INDIA
IT,Certified,77042,BMC SOFTWARE; INC.,Software Developers; Applications,INDIA
IT,Certified,77077,CAMELOT INTEGRATED SOLUTIONS INC,Software Developers; Applications,INDIA
Other Economic Sector,Certified,77002,VALERUS COMPRESSION SERVICES; L.P.,Mechanical Engineers,INDIA
IT,Certified,77024,STRUCTURE CONSULTING GROUP; LLC,Software Developers; Systems Software,INDIA
Aerospace,Certified,77024,DORIS USA; INC.,Chemical Engineers,INDIA
Other Economic Sector,Certified,77057,K -TEK RESOURCING LLC,Software Developers; Applications,CHINA
Advanced Mfg,Certified,77027,CAMERON INTERNATIONAL CORPORATION,Budget Analysts,CANADA
Advanced Mfg,Certified,77064,FOXCONN CORPORATION,Computer Systems Analysts,CHINA
Advanced Mfg,Certified,77027,CAMERON INTERNATIONAL CORPORATION,Industrial Engineers,VENEZUELA
Not Available,Certified,77010,HESS CORPORATION,Geoscientists; Except Hydrologists and Geographers,RUSSIA
Advanced Mfg,Certified,77077,SBM ATLANTIA; INC.,Chemical Engineers,INDIA
IT,Certified,77036,SIERRA INFOSYS INC,Computer Systems Analysts,INDIA
Aerospace,Certified,77002,KBR TECHNICAL SERVICES; INC.,Accountants and Auditors,HONDURAS
IT,Certified,77036,AL-RAZAQ COMPUTING SERVICES,Software Developers; Applications,INDIA
IT,Certified,77057,FLEXERA GLOBAL; INC,Software Developers; Applications,INDIA
Advanced Mfg,Certified,77041,TOSHIBA INTERNATIONAL CORPORATION,Electronics Engineers; Except Computer,INDIA
Energy,Certified,77046,OCCIDENTAL OIL AND GAS,Geoscientists; Except Hydrologists and Geographers,JAPAN
Other Economic Sector,Certified,77046,PBK ARCHITECTS; INC.,Electrical Engineers,PHILIPPINES
IT,Certified,77057,FLEXERA GLOBAL; INC,Software Developers; Applications,INDIA
Energy,Certified,77046,OCCIDENTAL OIL AND GAS,Geoscientists; Except Hydrologists and Geographers,ARGENTINA
IT,Certified,77057,FLEXERA GLOBAL; INC,Software Developers; Applications,INDIA
IT,Certified,77099,CWC INTERNATIONAL INC.,Software Developers; Applications,INDIA
Not Available,Certified,77060,PHARM-OLAM INTERNATIONAL; LTD.,Biological Technicians,INDIA
Energy,Certified,77002,CHENIERE ENERGY; INC.,Cost Estimators,PHILIPPINES
Aerospace,Certified,77079,FOSTER WHEELER USA CORPORATION,Chemical Engineers,VENEZUELA
Aerospace,Certified,77079,FOSTER WHEELER USA CORPORATION,Chemical Engineers,CANADA
Advanced Mfg,Certified,77077,SBM ATLANTIA; INC.,Chemical Engineers,AZERBAIJAN
Advanced Mfg,Certified,77077,SBM ATLANTIA; INC.,Chemical Engineers,INDIA
Geospatial,Certified,77072,CGGVERITAS SERVICES (US) INC.,Software Developers; Applications,CHINA
Advanced Mfg,Certified,77041,LSPHE(US);INC.,Mechanical Engineers,CHINA
IT,Certified,77036,SIERRA INFOSYS INC,Computer Systems Analysts,INDIA
Aerospace,Certified,77010,ABM ELECTRICAL POWER SOLUTIONS,Electrical Engineers,HUNGARY
Aerospace,Certified,77084,MUSTANG ENGINEERING; L.P.,Chemical Engineers,MEXICO
Aerospace,Certified,77079,TECHNIP USA; INC.,Marine Engineers and Naval Architects,INDIA
Aerospace,Certified,77056,BECHTEL OIL; GAS AND CHEMICALS; INC.,Mechanical Engineers,INDIA
Advanced Mfg,Certified,77027,CAMERON INTERNATIONAL CORPORATION,Accountants and Auditors,VENEZUELA
Energy,Certified,77046,OCCIDENTAL OIL AND GAS,Petroleum Engineers,NIGERIA
Retail,Certified,77072,BEAUTY SENSATION; LLC.,Market Research Analysts and Marketing Specialists*,SOUTH KOREA
Other Economic Sector,Certified,77092,JIT DECOR & SUNCONTROL INC.,Software Developers; Applications,INDIA
IT,Certified,77077,CAMELOT INTEGRATED SOLUTIONS INC,Software Developers; Applications,INDIA
Aerospace,Certified,77056,BECHTEL OIL; GAS AND CHEMICALS; INC.,Mechanical Engineers,INDIA
IT,Certified,77077,CAMELOT INTEGRATED SOLUTIONS INC,Software Developers; Applications,INDIA
IT,Certified,77036,KAAGA TECHNOLOGIES; INC,Computer and Information Systems Managers,INDIA
IT,Certified,77057,FLEXERA GLOBAL; INC,Software Developers; Applications,INDIA
IT,Certified,77057,K -TEK RESOURCING LLC,Software Developers; Applications,INDIA
Aerospace,Certified,77056,BECHTEL OIL; GAS AND CHEMICALS; INC.,Electrical Engineers,INDIA
Educational Services,Certified,77004,UNIVERSITY OF HOUSTON,Geoscientists; Except Hydrologists and Geographers,CHINA
Advanced Mfg,Certified,77064,FOXCONN ASSEMBLY LLC,Computer Support Specialists,TAIWAN
Aerospace,Certified,77056,BECHTEL OIL; GAS AND CHEMICALS; INC.,Construction Managers,PHILIPPINES
Aerospace,Certified,77079,WORLEYPARSONS GROUP; INC.,Chemical Engineers,INDIA
Advanced Mfg,Certified,77002,ASCEND PERFORMANCE MATERIALS,Materials Engineers,CANADA
Advanced Mfg,Certified,77064,FOXCONN CORPORATION,Computer Programmers,CHINA
Geospatial,Certified,77072,CGGVERITAS SERVICES (US) INC.,Operations Research Analysts,SOUTH KOREA
Geospatial,Certified,77072,CGGVERITAS SERVICES (US) INC.,Operations Research Analysts,CHINA
IT,Certified,77024,VANTAGE FORCE; INC.,Computer Systems Analysts,INDIA
Advanced Mfg,Certified,77027,CAMERON INTERNATIONAL CORPORATION,Mechanical Engineers,VENEZUELA
Energy,Certified,77060,EXXONMOBIL DEVELOPMENT COMPANY,Natural Sciences Managers,FRANCE
Advanced Mfg,Certified,77027,CAMERON INTERNATIONAL CORPORATION,Mechanical Engineers,MEXICO
Geospatial,Certified,77072,CGGVERITAS SERVICES (US) INC.,Operations Research Analysts,CHINA
Geospatial,Certified,77072,CGGVERITAS SERVICES (US) INC.,Operations Research Analysts,CHINA
Geospatial,Certified,77072,CGGVERITAS SERVICES (US) INC.,Operations Research Analysts,CHINA
IT,Certified,77024,PARADIGM GEOPHYSICAL CORP,Software Developers; Applications,ARGENTINA
Energy,Certified,77060,EXXONMOBIL DEVELOPMENT COMPANY,Petroleum Engineers,COLOMBIA
IT,Certified,77057,FLEXERA GLOBAL; INC,Software Developers; Applications,INDIA
Advanced Mfg,Certified,77027,CAMERON INTERNATIONAL CORPORATION,Mechanical Engineers,VENEZUELA
Aerospace,Certified,77056,BECHTEL OIL; GAS AND CHEMICALS; INC.,Architectural and Engineering Managers,INDIA
IT,Certified,77079,PIMSOFT INC.,Sales Engineers,INDIA
Other Economic Sector,Certified,77084,MULTIPHASE SOLUTIONS KENNY; INC.,Chemical Engineers,CHINA
Aerospace,Certified,77079,WORLEYPARSONS GROUP; INC.,Architectural and Engineering Managers,MEXICO
Aerospace,Certified,77079,WORLEYPARSONS GROUP; INC.,Architectural and Engineering Managers,VENEZUELA
Energy,Certified,77079,CONOCOPHILLIPS COMPANY,Geoscientists; Except Hydrologists and Geographers,ISRAEL
Advanced Mfg,Certified,77035,WORLDWIDE OILFIELD MACHINE;INC.,Electronics Engineers; Except Computer,INDIA
IT,Certified,77040,ECOM ELITE COMPUTER CONSULTANTS LP,Software Developers; Applications,INDIA
IT,Certified,77077,ISQARE TECHNOLOGIES;INC,Software Developers; Applications,INDIA
Aerospace,Certified,77079,TECHNIP USA; INC.,Chemical Engineers,INDIA
Energy,Certified,77002,CHENIERE ENERGY; INC.,Mechanical Engineers,INDIA
IT,Certified,77077,ISQARE TECHNOLOGIES;INC,Software Developers; Applications,INDIA
IT,Certified,77041,PERIPHERAL COMPUTER SUPPORT; INC.,Electronics Engineers; Except Computer,MEXICO
IT,Certified,77070,SAI BUSINESS SOLUTIONS; LLC.,Computer Systems Analysts,INDIA
Other Economic Sector,Certified,77042,EXPRESS ENERGY SERVICES OPERATING; LP,Industrial Production Managers,MEXICO
Aerospace,Certified,77002,INTERTEK USA INC.,Mechanical Engineers,CHINA
IT,Certified,77077,EZ2 TECHNOLOGIES; INC,Computer and Information Systems Managers,INDIA
Advanced Mfg,Certified,77077,SBM ATLANTIA; INC.,Mechanical Engineers,MEXICO
Advanced Mfg,Certified,77041,CLEARCORRECT OPERATING LLC,Software Developers; Applications,IRAN
Other Economic Sector,Certified,77042,DRESSER-RAND COMPANY,Industrial Engineers,INDIA
Other Economic Sector,Certified,77095,TELCO INTERCONTINENTAL CORP.,Materials Engineers,TAIWAN
Aerospace,Certified,77002,KBR TECHNICAL SERVICES; INC.,Construction Managers,TURKEY
IT,Certified,77036,SIERRA INFOSYS INC,Software Developers; Applications,INDIA
Educational Services,Certified,77030,THE UNIV. OF TEXAS HEALTH SCIENCE CENTER - HOUSTON,Physicians and Surgeons; All Other,INDIA
IT,Certified,77057,FLEXERA GLOBAL; INC,Software Developers; Applications,INDIA
Advanced Mfg,Certified,77056,WEATHERFORD INTERNATIONAL,Mechanical Engineers,RUSSIA
Aerospace,Certified,77079,WORLEYPARSONS GROUP; INC.,Mechanical Engineers,VENEZUELA
Geospatial,Certified,77042,TGS-NOPEC GEOPHYSICAL COMPANY,Geoscientists; Except Hydrologists and Geographers,INDIA
Other Economic Sector,Certified,77042,DRESSER-RAND COMPANY,Mechanical Engineers,VENEZUELA
Other Economic Sector,Certified,77042,DRESSER-RAND COMPANY,Industrial Engineers,INDIA
Aerospace,Certified,77079,WORLEYPARSONS GROUP; INC.,Chemical Engineers,INDIA
Energy,Certified,77046,OCCIDENTAL OIL AND GAS,Geoscientists; Except Hydrologists and Geographers,INDIA
IT,Certified,77056,ALERT LOGIC; INC.,Computer Systems Analysts,RUSSIA
IT,Certified,77036,SIERRA INFOSYS INC,Computer Systems Analysts,INDIA
IT,Certified,77036,SIERRA INFOSYS INC,Computer Systems Analysts,INDIA
Energy,Certified,77056,TEXAS EASTERN TRANSMISSION LP,Accountants and Auditors,RUSSIA
Other Economic Sector,Certified,77024,HOUSTON INTERNATIONAL INSURANCE GROUP; LTD.,Software Developers; Applications,PAKISTAN
Aerospace,Certified,77090,CHEMERICA O&G ENGINEERING SERVICES CORP,Mechanical Engineers,CHINA
Advanced Mfg,Certified,77027,CAMERON INTERNATIONAL CORPORATION,Industrial Engineers,INDIA
IT,Certified,77077,ISQARE TECHNOLOGIES;INC,Software Developers; Applications,INDIA
Advanced Mfg,Certified,77027,CAMERON INTERNATIONAL CORPORATION,Computer Systems Analysts,INDIA
Advanced Mfg,Certified,77027,CAMERON INTERNATIONAL CORPORATION,Computer Systems Analysts,INDIA
Advanced Mfg,Certified,77056,WEATHERFORD INTERNATIONAL,Computer and Information Systems Managers,INDIA
Advanced Mfg,Certified,77040,OYOG OPERATIONS LP,Mechanical Engineers,CANADA
Not Available,Certified,77066,RCI INTERNET SERVICES; INC.,Art Directors,PAKISTAN
Transportation,Certified,77032,CEVA FREIGHT LLC,Transportation; Storage; and Distribution Managers,INDIA
Other Economic Sector,Certified,77027,TIMMONS ADVISORS; LLC,Accountants and Auditors,INDIA
Other Economic Sector,Certified,77002,PAGESOUTHERLANDPAGE,Architects; Except Landscape and Naval,TURKEY
Other Economic Sector,Certified,77002,USA WASTE MANAGEMENT RESOURCES; LLC,Computer and Information Systems Managers,INDIA
Retail,Certified,77013,SUHAAN GROUP LLC,Accountants and Auditors,INDIA
Other Economic Sector,Certified,77002,USA WASTE MANAGEMENT RESOURCES; LLC,Computer and Information Systems Managers,INDIA
Other Economic Sector,Certified,77002,USA WASTE MANAGEMENT RESOURCES; LLC,Computer Systems Analysts,SPAIN
Advanced Mfg,Certified,77056,WEATHERFORD INTERNATIONAL,Mechanical Engineers,RUSSIA
Advanced Mfg,Certified,77064,PETROLEUM ANALYZER COMPANY LP,Industrial Engineers,INDIA
Aerospace,Certified,77079,WORLEYPARSONS GROUP; INC.,Chemical Engineers,COLOMBIA
Energy,Certified,77079,BP AMERICA INC.,Petroleum Engineers,NIGERIA
Aerospace,Certified,77002,KBR TECHNICAL SERVICES; INC.,Civil Engineers,EGYPT
Energy,Certified,77046,OCCIDENTAL OIL AND GAS,Petroleum Engineers,INDIA
Energy,Certified,77046,OCCIDENTAL OIL AND GAS,Petroleum Engineers,MEXICO
Energy,Certified,77046,OCCIDENTAL OIL AND GAS,Geoscientists; Except Hydrologists and Geographers,COLOMBIA
IT,Certified,77036,SIERRA INFOSYS INC,Software Developers; Applications,INDIA
IT,Certified,77070,SAI BUSINESS SOLUTIONS; LLC.,Software Developers; Applications,INDIA
Aerospace,Certified,77002,KBR TECHNICAL SERVICES; INC.,Mechanical Engineers,INDIA
Energy,Certified,77046,DIRECT ENERGY,Software Developers; Applications,INDIA
Aerospace,Certified,77090,VELOSI AMERICA LLC,Mechanical Engineers,UNITED KINGDOM
Advanced Mfg,Certified,77027,CAMERON INTERNATIONAL CORPORATION,Computer Systems Analysts,INDIA
Aerospace,Certified,77077,GENESIS ENGINEERING; LLC,Engineering Managers,INDIA
Other Economic Sector,Certified,77040,AIV; L.P.,Sales Representatives; Wholesale and Manufacturing; Except Technical and Scientific Products,BRAZIL
Other Economic Sector,Certified,77042,DRESSER-RAND COMPANY,Software Developers; Applications,INDIA
Aerospace,Certified,77079,WORLEYPARSONS GROUP; INC.,Mechanical Engineers,PHILIPPINES
IT,Certified,77057,K -TEK RESOURCING LLC,Software Developers; Applications,INDIA
IT,Certified,77099,CWC INTERNATIONAL INC.,Software Developers; Applications,INDIA
Not Available,Denied,77072,ALIEF INDEPENDENT SCHOOL DISTRICT,Elementary School Teachers; Except Special Education,MEXICO
Advanced Mfg,Certified,77090,T3 ENERGY SERVICE; INC.,Materials Engineers,CANADA
Aerospace,Certified,77079,HOUSTON OFFSHORE ENGINEERING; LLC,Civil Engineers,SINGAPORE
Advanced Mfg,Certified,77051,PIPING TECHNOLOGY & PRODUCTS; INC.,Mechanical Engineers,NEPAL
Aerospace,Certified,77064,NCI GROUP; INC.,Software Developers; Applications,INDIA
Not Available,Denied,77042,AIR SECURITY INTERNATIONAL;,Accountants,ALBANIA
Aerospace,Certified,77090,VELOSI AMERICA LLC,Mechanical Engineers,INDIA
Other Economic Sector,Certified,77074,AA RESTAURANT EQUIPMENT CO. INC.,Electronics Engineers; Except Computer,CHINA
Aerospace,Certified,77056,BECHTEL OIL; GAS AND CHEMICALS; INC.,Mechanical Engineers,INDIA
Aerospace,Certified,77039,LINDSAYCA USA,Purchasing Managers,VENEZUELA
Educational Services,Certified,77072,ALIEF INDEPENDENT SCHOOL DISTRICT,Elementary School Teachers; Except Special Education,MEXICO
Aerospace,Certified,77056,BECHTEL OIL; GAS AND CHEMICALS; INC.,Health and Safety Engineers; Except Mining Safety Engineers and Inspectors,MEXICO
Aerospace,Certified,77056,BECHTEL OIL; GAS AND CHEMICALS; INC.,Construction Managers,TAIWAN
Aerospace,Certified,77077,LLOYDS REGISTER TECHNICAL SERVICES; INC.,Computer Systems Analysts,COLOMBIA
Geospatial,Certified,77042,ION GEOPHYSICAL CORPORATION,Geoscientists; Except Hydrologists and Geographers,MEXICO
Aerospace,Certified,77042,AUDUBON ENGINEERING OPERATIONS; LLC,Civil Engineers,INDIA
Hospitality,Certified,77077,SYSCO CORPORATION,Computer Systems Analysts,INDIA
Geospatial,Certified,77042,ION GEOPHYSICAL CORPORATION,Geoscientists; Except Hydrologists and Geographers,ALGERIA
Aerospace,Certified,77079,WORLEYPARSONS GROUP; INC.,Electrical Engineers,KAZAKHSTAN
Energy,Certified,77079,BP AMERICA INC.,Petroleum Engineers,IRAN
Advanced Mfg,Certified,77056,WEATHERFORD INTERNATIONAL,Software Developers; Systems Software,INDIA
Aerospace,Certified,77042,EXMAR OFFSHORE COMPANY,Mechanical Engineers,INDIA
Aerospace,Certified,77042,AUDUBON ENGINEERING OPERATIONS; LLC,Electrical Engineers,INDIA
Finance,Certified,77002,AEI SERVICES LLC,Accountants and Auditors,CHINA
Other Economic Sector,Certified,77041,DRILLTECH SERVICES (USA) INC.,Financial Managers,CHINA
Educational Services,Certified,77081,SER-NIOS CHARTER SCHOOL,Elementary School Teachers; Except Special Education,MEXICO
Educational Services,Certified,77072,ALIEF INDEPENDENT SCHOOL DISTRICT,Elementary School Teachers; Except Special Education,MEXICO
Educational Services,Certified,77072,ALIEF INDEPENDENT SCHOOL DISTRICT,Elementary School Teachers; Except Special Education,MEXICO
Educational Services,Certified,77072,ALIEF INDEPENDENT SCHOOL DISTRICT,Elementary School Teachers; Except Special Education,MEXICO
Educational Services,Certified,77072,ALIEF INDEPENDENT SCHOOL DISTRICT,Elementary School Teachers; Except Special Education,VENEZUELA
Educational Services,Certified,77072,ALIEF INDEPENDENT SCHOOL DISTRICT,Elementary School Teachers; Except Special Education,MEXICO
Educational Services,Certified,77072,ALIEF INDEPENDENT SCHOOL DISTRICT,Elementary School Teachers; Except Special Education,MEXICO
Educational Services,Certified,77072,ALIEF INDEPENDENT SCHOOL DISTRICT,Elementary School Teachers; Except Special Education,MEXICO
Educational Services,Certified,77072,ALIEF INDEPENDENT SCHOOL DISTRICT,Elementary School Teachers; Except Special Education,MEXICO
Educational Services,Certified,77072,ALIEF INDEPENDENT SCHOOL DISTRICT,Elementary School Teachers; Except Special Education,MEXICO
Educational Services,Certified,77072,ALIEF INDEPENDENT SCHOOL DISTRICT,Elementary School Teachers; Except Special Education,MEXICO
Energy,Certified,77041,W-INDUSTRIES,Software Developers; Applications,SLOVAKIA
Advanced Mfg,Certified,77064,FOXCONN EMS; INC.,Electrical and Electronics Engineering Technicians,MEXICO
Not Available,Denied,77024,SPRING BRANCH INDEPENDENT SCHOOL DISTRICT,Elementary School Teachers; Except Special Education,MEXICO
Not Available,Denied,77025,JACQUELYN SCHRIVER,Home Health Aides,EL SALVADOR
Not Available,Denied,77079,2H OFFSHORE INC.,Engineering Managers,INDIA
Not Available,Denied,77019,BAKER HUGHES; INC.,Auditors,CHINA
Not Available,Denied,77003,CANAL FAMILY AND INDUSTRIAL MEDICINE,Accountants,COLOMBIA
Not Available,Denied,77024,SUMITOMO CORPORATION OF AMERICA,Sales Managers,UNITED KINGDOM
Not Available,Denied,77099,COSMOS FOUNDATION; INC.,Instructional Coordinators,TURKEY
Not Available,Denied,77041,S&R PROFESSIONALS; L.P.,Computer Software Engineers; Applications,INDIA
Not Available,Denied,77070,ADVENT GLOBAL SOLUTIONS;INC.,Computer and Information Systems Managers,INDIA
Not Available,Denied,77031,RAINDROP FOUNDATION; INC.,Public Relations Managers,TURKEY
Not Available,Denied,77041,S&R PROFESSIONALS; L.P.,Computer Software Engineers; Applications,INDIA
Not Available,Denied,77002,KBR TECHNICAL SERVICES; INC.,Chemical Engineers,SOUTH KOREA
Not Available,Denied,77042,SWORD INC,Computer Software Engineers; Applications,BELARUS
IT,Denied,77036,PEGASUS VERTEX; INC.,Petroleum Engineers,CHINA
Not Available,Denied,77099,COSMOS FOUNDATION; INC.,Instructional Coordinators,TURKEY
Not Available,Denied,77042,INFODAT INTERNATIONAL INC.,Computer Software Engineers; Applications,INDIA
Not Available,Denied,77042,INFODAT INTERNATIONAL INC.,Computer Software Engineers; Applications,INDIA
Not Available,Denied,77042,HALLIBURTON ENERGY SERVICES; INC.,Computer Systems Analysts,PERU
Educational Services,Denied,77099,COSMOS FOUNDATION; INC.,Secondary School Teachers; Except Special and Vocational Education,TURKEY
Advanced Mfg,Denied,77087,ALPHAMAR GROUP INC.,Training and Development Specialists,GREECE
Retail,Denied,77005,THREE DOORS LLC,Accountants and Auditors,SOUTH KOREA
Not Available,Denied,77079,FOSTER WHEELER USA CORPORATION,Mechanical Engineers,COLOMBIA
Not Available,Denied,77079,FOSTER WHEELER USA CORPORATION,Engineering Managers,INDIA
Not Available,Denied,77042,HEADWORKS INC.,Sales Managers,CANADA
Retail,Denied,77024,MEMORIAL FOOD MARKET INC,Bookkeeping; Accounting; and Auditing Clerks,PAKISTAN
Finance,Denied,77036,CMCD LLC,Accountants and Auditors,CHINA
Educational Services,Denied,77032,ALDINE INDEPENDENT SCHOOL DISTRICT,Elementary School Teachers; Except Special Education,MEXICO
Educational Services,Denied,77032,ALDINE INDEPENDENT SCHOOL DISTRICT,Elementary School Teachers; Except Special Education,MEXICO
Other Economic Sector,Withdrawn,77002,FOSTERQUAN; LLP,Lawyers,CHINA
Energy,Denied,77056,SCHLUMBERGER TECHNOLOGY CORPORATION,Petroleum Engineers,VENEZUELA
Advanced Mfg,Denied,77077,SBM ATLANTIA; INC.,Engineering Managers,INDIA
Advanced Mfg,Denied,77077,SBM ATLANTIA; INC.,Health and Safety Engineers; Except Mining Safety Engineers and Inspectors,INDIA
Advanced Mfg,Denied,77077,SBM ATLANTIA; INC.,Electronics Engineers; Except Computer,SINGAPORE
IT,Denied,77041,S&R PROFESSIONALS; L.P.,Software Developers; Applications,INDIA
IT,Denied,77099,CWC INTERNATIONAL INC.,Software Developers; Applications,INDIA
Other Economic Sector,Denied,77004,MIDTOWNE SPA OF HOUSTON INC.,First-Line Supervisors of Personal Service Workers,MEXICO
Transportation,Denied,77073,PENTAGON FREIGHT SERVICES INC,Chief Executives,UNITED KINGDOM
Other Economic Sector,Denied,77057,LAB CONSULTING PARTNERSHIP; INC.,Management Analysts,SOUTH KOREA
IT,Denied,77036,SIERRA INFOSYS INC,Software Developers; Systems Software,INDIA
IT,Denied,77036,SIERRA INFOSYS INC,Software Developers; Systems Software,INDIA
Finance,Denied,77041,EDF TRADING NORTH AMERICA; LLC,Financial Analysts,INDIA
Aerospace,Denied,77077,GTC TECHNOLOGY US; LLC,Sales Engineers,SOUTH KOREA
Not Available,Denied,77010,HESS CORPORATION,Securities; Commodities; and Financial Services Sales Agents,CANADA
Aerospace,Denied,77075,POWELL ELECTRICAL SYSTEMS; INC.,Electrical Engineers,INDIA
Advanced Mfg,Denied,77077,SBM ATLANTIA; INC.,Marine Engineers and Naval Architects,INDIA
Automotive,Denied,77036,COLLISION PLUS INC.,Chief Executives,SOUTH KOREA
Not Available,Denied,77075,SESAME HUT #2,Chefs and Head Cooks,SOUTH KOREA
Energy,Denied,77056,GDF SUEZ ENERGY NORTH AMERICA; INC.,Market Research Analysts and Marketing Specialists*,VIETNAM
Automotive,Denied,77082,FAIR CAR CARE,Automotive Service Technicians and Mechanics,CANADA
Advanced Mfg,Denied,77077,SBM ATLANTIA; INC.,Marine Engineers and Naval Architects,INDIA
Advanced Mfg,Denied,77077,SBM ATLANTIA; INC.,Chemical Engineers,INDIA
Energy,Denied,77079,BP AMERICA INC.,Geoscientists; Except Hydrologists and Geographers,INDIA
Advanced Mfg,Denied,77077,SBM ATLANTIA; INC.,Marine Engineers and Naval Architects,INDIA
Advanced Mfg,Denied,77077,SBM ATLANTIA; INC.,Chemical Engineers,SOUTH KOREA
Retail,Denied,77041,BROADVISION LLC DBA I.T SHELL,First-Line Supervisors of Retail Sales Workers,NEPAL
Aerospace,Denied,77036,TEXAS GLOBAL SYSTEMS; INC.,Network and Computer Systems Administrators*,NIGERIA
Retail,Denied,77042,LONE STAR DISTRIBUTORS;INC.,Market Research Analysts and Marketing Specialists*,INDIA
Construction,Denied,77093,MIL; LTD,Architectural and Engineering Managers,INDIA
Other Economic Sector,Denied,77002,FOSTERQUAN; LLP,Lawyers,CHINA
Energy,Denied,77010,KEY ENERGY SERVICES; LLC,Financial Managers,BRAZIL
Aerospace,Denied,77079,MCDERMOTT; INC.,Electrical Engineers,MEXICO
Other Economic Sector,Denied,77036,BENS BEAUTY SUPPLY; INC.,Information Security Analysts; Web Developers; and Computer Network Architects,SOUTH KOREA
Other Economic Sector,Denied,77031,RTD QUALITY SERVICES USA INC. DBA APPLUS RTD,Architectural and Engineering Managers,CANADA
Energy,Denied,77002,EDP RENEWABLES NORTH AMERICA LLC,Industrial Engineers,INDIA
Energy,Denied,77002,EDP RENEWABLES NORTH AMERICA LLC,Industrial Engineers,INDIA
Aerospace,Denied,77079,GL NOBLE DENTON; INC.,Marine Engineers and Naval Architects,MEXICO
Advanced Mfg,Denied,77064,FOXCONN CORPORATION,Computer Programmers,CHINA
IT,Denied,77036,CHANG - SHENG; INC.,Graphic Designers,CHINA
IT,Denied,77036,IVS CONSULTING; INC,Software Developers; Applications,CANADA
Hospitality,Denied,77005,QUIZNOS CLASSIC SUBS,Hosts and Hostesses; Restaurant; Lounge; and Coffee Shop,PHILIPPINES
Educational Services,Denied,77035,VARNETT SCHOOLS; INC. DBA THE VARNETT PUBLIC SCHOOL,Elementary School Teachers; Except Special Education,PHILIPPINES
Educational Services,Denied,77035,VARNETT SCHOOLS; INC. DBA THE VARNETT PUBLIC SCHOOL,Elementary School Teachers; Except Special Education,PHILIPPINES
Hospitality,Denied,77005,GERARDO RIVERA DBA QUIZNOS CLASSIC SUBS,,PHILIPPINES
Energy,Denied,77056,IMPACT FLUID SOLUTIONS LLC,Marketing Managers,CANADA
Other Economic Sector,Denied,77036,LA FE HAIR CUT,Hairdressers; Hairstylists; and Cosmetologists,HONDURAS
Advanced Mfg,Denied,77064,FOXCONN EMS; INC.,Electrical and Electronics Engineering Technicians,MEXICO
Advanced Mfg,Denied,77045,TRIYARDS HOUSTON LLC,Mechanical Engineers,CHINA
Other Economic Sector,Denied,77008,SOUTHWEST BUSINESS PROPERTIES LLC,Maintenance and Repair Workers; General,MEXICO
Advanced Mfg,Denied,77035,WORLDWIDE OILFIELD MACHINE;INC.,Computer Systems Analysts,INDIA
Energy,Denied,77067,NABORS INTERNATIONAL; INC,Architectural and Engineering Managers,INDIA
Other Economic Sector,Denied,77007,LIMB DESIGN,Graphic Designers,COLOMBIA
Other Economic Sector,Denied,77042,DEEPFLEX INC,Materials Scientists,PERU
Advanced Mfg,Denied,77092,QSD MANUFACTURING; INC.,Mechanical Engineers,SOUTH KOREA
Not Available,Denied,77036,TRI STAR PETROLEUM INC,Database Administrators,PAKISTAN
Other Economic Sector,Denied,77024,CHARLES TIAR,First-Line Supervisors of Housekeeping and Janitorial Workers,PHILIPPINES
Other Economic Sector,Denied,77008,SOUTHWEST BUSINESS PROPERTIES LLC,,MEXICO
Energy,Denied,77002,EDP RENEWABLES NORTH AMERICA LLC,Electrical Engineers,SPAIN
Other Economic Sector,Denied,77036,BENS BEAUTY SUPPLY; INC.,Software Developers; Applications,SOUTH KOREA
Advanced Mfg,Denied,77048,QUEST-TEC SOLUTIONS,Market Research Analysts and Marketing Specialists*,VIETNAM
Not Available,Denied,77041,OCEANEERING INTERNATIONAL; INC.,Mechanical Engineers,INDIA
Retail,Denied,77060,TEXAS JMR INC,Financial Managers,INDIA
Not Available,Denied,77084,MUSTANG ENGINEERING; L.P.,Marine Architects,CHINA
Aerospace,Withdrawn,77081,FUGRO CONSULTANTS; INC.,Civil Engineers,SOUTH KOREA
Aerospace,Withdrawn,77079,TECHNIP USA; INC.,Mechanical Engineers,INDIA
IT,Withdrawn,77074,AMERICAN IT ASSOCIATES INC,Software Developers; Applications,INDIA
IT,Withdrawn,77074,AMERICAN IT ASSOCIATES INC,Software Developers; Applications,INDIA
Aerospace,Withdrawn,77079,WORLEYPARSONS GROUP; INC.,Electrical Engineers,NIGERIA
Advanced Mfg,Withdrawn,77077,SBM ATLANTIA; INC.,Mechanical Engineers,INDIA
Advanced Mfg,Withdrawn,77079,FLOATEC; LLC DBA FLOATEC SOLUTIONS; LLC,Marine Engineers and Naval Architects,CHINA
IT,Withdrawn,77077,CAMELOT INTEGRATED SOLUTIONS INC,Software Developers; Applications,INDIA
Energy,Withdrawn,77046,TRANSOCEAN OFFSHORE DEEPWATER DRILLING INC.,Accountants and Auditors,INDIA
IT,Withdrawn,77042,SUNGARD CONSULTING SERVICES LLC,Software Developers; Applications,INDIA
Retail,Withdrawn,77025,STAGE STORES;INC.,Computer and Information Systems Managers,INDIA
Energy,Withdrawn,77067,NOBLE ENERGY INC.,Geoscientists; Except Hydrologists and Geographers,COLOMBIA
Energy,Withdrawn,77041,DRIL-QUIP; INC.,Mechanical Engineers,INDIA
Advanced Mfg,Withdrawn,77055,YPK INC,Food Scientists and Technologists,SOUTH KOREA
IT,Withdrawn,77077,EZ2 TECHNOLOGIES; INC,Software Developers; Systems Software,INDIA
Retail,Withdrawn,77025,STAGE STORES;INC.,Software Developers; Applications,CANADA
IT,Withdrawn,77077,CAMELOT INTEGRATED SOLUTIONS INC,Software Developers; Applications,INDIA
IT,Withdrawn,77077,CAMELOT INTEGRATED SOLUTIONS INC,Software Developers; Applications,INDIA
Advanced Mfg,Withdrawn,77064,FOXCONN ASSEMBLY LLC,Computer Support Specialists,TAIWAN
Advanced Mfg,Withdrawn,77064,FOXCONN EMS; INC.,Electrical and Electronics Engineering Technicians,MEXICO
Aerospace,Withdrawn,77060,EQECAT; INC.,Computer and Information Systems Managers,INDIA
Advanced Mfg,Withdrawn,77064,FOXCONN ASSEMBLY LLC,Computer Support Specialists,TAIWAN
Advanced Mfg,Withdrawn,77064,FOXCONN ASSEMBLY LLC,Computer Support Specialists,TAIWAN
Energy,Withdrawn,77070,CANRIG DRILLING TECHNOLOGY LTD.,Mechanical Engineers,INDIA
Advanced Mfg,Withdrawn,77064,FOXCONN EMS; INC.,Mechanical Engineers,TAIWAN
Energy,Withdrawn,77002,SHELL OIL COMPANY,Petroleum Engineers,CHINA
Energy,Withdrawn,77002,SHELL OIL COMPANY,Petroleum Engineers,NIGERIA
Advanced Mfg,Withdrawn,77064,FOXCONN EMS; INC.,Marketing Managers,TAIWAN
Energy,Withdrawn,77079,CONOCOPHILLIPS COMPANY,Chemical Engineers,INDONESIA
Advanced Mfg,Withdrawn,77064,FOXCONN EMS; INC.,Mechanical Engineers,TAIWAN
Advanced Mfg,Withdrawn,77064,FOXCONN ASSEMBLY LLC,Computer Support Specialists,TAIWAN
Aerospace,Withdrawn,77079,WORLEYPARSONS GROUP; INC.,Chemical Engineers,VENEZUELA
Aerospace,Withdrawn,77002,KBR TECHNICAL SERVICES; INC.,Marine Engineers and Naval Architects,CANADA
Advanced Mfg,Withdrawn,77091,INTERNATIONAL PAINT LLC,Industrial Engineers,INDIA
Advanced Mfg,Withdrawn,77064,Q-EDGE CORPORATION,Computer Systems Analysts,CHINA
Energy,Withdrawn,77002,CALPINE CORPORATION,Electrical Engineers,CHINA
IT,Withdrawn,77099,STREEBO INC.,Software Developers; Applications,INDIA
Advanced Mfg,Withdrawn,77056,WEATHERFORD INTERNATIONAL,Mechanical Engineers,RUSSIA
Advanced Mfg,Withdrawn,77013,GLOBAL ENERGY SERVICES,Architectural and Engineering Managers,CANADA
Advanced Mfg,Withdrawn,77034,POWELL ELECTRICAL SYSTEMS; INC,Electrical Engineers,INDIA
Agribusiness,Withdrawn,77041,THE MUDLOGGING COMPANY U.S.A.;L.P.,Electrical Engineers,IRAN
Retail,Withdrawn,77036,BENS BEAUTY SUPPLY; INC.,Computer Support Specialists,SOUTH KOREA
Aerospace,Withdrawn,77042,COMMONWEALTH ENGINEERING AND CONSTRUCTION; LLC,Chemical Engineers,INDIA
Energy,Withdrawn,77046,TRANSOCEAN OFFSHORE DEEPWATER DRILLING INC.,Marketing Managers,MEXICO
Other Economic Sector,Withdrawn,77040,BIEHL & CO. LP,Sales Engineers,DENMARK
Health Care,Withdrawn,77024,HOUSTON MEDICAL & OB/GYN CENTER; LLC,Obstetricians and Gynecologists,INDIA
Aerospace,Withdrawn,77019,BAKER HUGHES; INC.,Sales Engineers,VENEZUELA
Aerospace,Withdrawn,77084,WISON OFFSHORE & MARINE (USA; INC.,Architectural and Engineering Managers,UNITED KINGDOM
Advanced Mfg,Withdrawn,77023,MERICHEM COMPANY,Mechanical Engineers,INDIA
Advanced Mfg,Withdrawn,77064,FOXCONN ASSEMBLY LLC,Computer Support Specialists,TAIWAN
Advanced Mfg,Withdrawn,77064,FOXCONN EMS; INC.,Mechanical Engineers,TAIWAN
Other Economic Sector,Withdrawn,77024,NUCERITY INTERNATIONAL; INC.,Medical Scientists; Except Epidemiologists,INDIA
Energy,Withdrawn,77073,SMITH INTERNATIONAL; INC.,Mechanical Engineers,INDIA
Aerospace,Withdrawn,77079,HOUSTON OFFSHORE ENGINEERING; LLC,Marine Engineers and Naval Architects,CHINA
Advanced Mfg,Withdrawn,77048,HARRIS CAPROCK,Information Security Analysts; Web Developers; and Computer Network Architects,VENEZUELA
Advanced Mfg,Withdrawn,77056,WEATHERFORD INTERNATIONAL,Geoscientists; Except Hydrologists and Geographers,IRAN
IT,Withdrawn,77070,ADVENT GLOBAL SOLUTIONS;INC.,Computer and Information Systems Managers,INDIA
Energy,Withdrawn,77046,OCCIDENTAL OIL AND GAS,Petroleum Engineers,IRAN
Advanced Mfg,Withdrawn,77070,SONARDYNE; INC.,Electronics Engineers; Except Computer,UNITED KINGDOM
Advanced Mfg,Withdrawn,77070,SONARDYNE; INC.,Electronics Engineers; Except Computer,UNITED KINGDOM
Advanced Mfg,Withdrawn,77070,SONARDYNE; INC.,Electronics Engineers; Except Computer,UNITED KINGDOM