['', 'Certified', '19103', 'DATA-CORE SYSTEMS, INC', 'Computer Systems Analysts', 'INDIA']
['Educational Services', 'Certified', '19104', 'DREXEL UNIVERSITY', 'Zoologists and Wildlife Biologists', 'NETHERLANDS']
['Other Economic Sector', 'Certified', '19103', 'COMCAST CABLE COMMUNICATIONS, LLC', 'Network and Computer Systems Administrators*', 'INDIA']
['Other Economic Sector', 'Certified', '19102', 'TOWERS WATSON PENNSYLVANIA INC.', 'Computer Systems Analysts', 'INDIA']
['Finance', 'Certified', '19103', 'DELOITTE FAS LLP', 'Financial Analysts', 'INDIA']
['Other Economic Sector', 'Certified', '19103', 'DELOITTE CONSULTING LLP', 'Computer Software Engineers, Applications', 'INDIA']
['Finance', 'Certified', '19103', 'DELOITTE & TOUCHE LLP', 'Computer Systems Analysts', 'TURKEY']
['Other Economic Sector', 'Certified', '19103', 'DELOITTE CONSULTING LLP', 'Computer Software Engineers, Systems Software', 'INDIA']
['Other Economic Sector', 'Certified', '19103', 'DELOITTE CONSULTING LLP', 'Computer Systems Analysts', 'INDIA']
['Finance', 'Certified', '19103', 'DELOITTE & TOUCHE LLP', 'Accountants and Auditors', 'INDIA']
['Finance', 'Certified', '19103', 'DELOITTE & TOUCHE LLP', 'Accountants and Auditors', 'INDIA']
['Finance', 'Certified', '19103', 'DELOITTE & TOUCHE LLP', 'Compliance Officers, Except Agriculture, Construction, Health and Safety, and Transportation', 'INDIA']
['Finance', 'Certified', '19103', 'DELOITTE & TOUCHE LLP', 'Accountants and Auditors', 'BAHAMAS']
['Finance', 'Certified', '19103', 'DELOITTE & TOUCHE LLP', 'Computer Systems Analysts', 'INDIA']
['Other Economic Sector', 'Certified', '19103', 'DELOITTE CONSULTING LLP', 'Computer Software Engineers, Applications', 'BULGARIA']
['Finance', 'Certified', '19103', 'DELOITTE & TOUCHE LLP', 'Computer Systems Analysts', 'NETHERLANDS']
['IT', 'Certified', '19106', 'NUMODA TECHNOLOGIES, INC', 'Software Developers, Applications', 'INDIA']
['Finance', 'Certified', '19103', 'DELOITTE & TOUCHE LLP', 'Accountants and Auditors', 'TAIWAN']
['Retail', 'Certified', '19107', 'GN DESIGNS, INC.', 'Purchasing Managers', 'ISRAEL']
['Finance', 'Certified', '19103', 'DELOITTE & TOUCHE LLP', 'Accountants and Auditors', 'CANADA']
['Other Economic Sector', 'Certified', '19103', 'DELOITTE SERVICES LP', 'Computer Systems Analysts', 'INDIA']
['Finance', 'Certified', '19103', 'DELOITTE & TOUCHE LLP', 'Accountants and Auditors', 'BANGLADESH']
['Finance', 'Certified', '19103', 'DELOITTE & TOUCHE LLP', 'Financial Managers', 'CHINA']
['Other Economic Sector', 'Certified', '19102', 'TOWERS WATSON PENNSYLVANIA INC.', 'Financial Analysts', 'URUGUAY']
['Other Economic Sector', 'Certified', '19103', 'DELOITTE CONSULTING LLP', 'Software Developers, Applications', 'PAKISTAN']
['Educational Services', 'Certified', '19131', "SAINT JOSEPH'S UNIVERSITY", 'Economics Teachers, Postsecondary', 'INDIA']
['Finance', 'Certified', '19103', 'DELOITTE & TOUCHE LLP', 'Accountants and Auditors', 'BULGARIA']
['Finance', 'Certified', '19103', 'DELOITTE & TOUCHE LLP', 'Emergency Management Directors', 'INDIA']
['Other Economic Sector', 'Certified', '19103', 'DELOITTE CONSULTING LLP', 'Computer and Information Systems Managers', 'INDIA']
['Advanced Mfg', 'Certified', '19140', 'CHO & SO, INC.', 'Chefs and Head Cooks', 'SOUTH KOREA']
['Other Economic Sector', 'Certified', '19103', 'DELOITTE CONSULTING LLP', 'Software Developers, Applications', 'INDIA']
['Finance', 'Certified', '19103', 'DELOITTE TAX LLP', 'Accountants and Auditors', 'SOUTH KOREA']
['Other Economic Sector', 'Certified', '19103', 'DELOITTE CONSULTING LLP', 'Computer and Information Systems Managers', 'INDIA']
['Other Economic Sector', 'Certified', '19103', 'DELOITTE CONSULTING LLP', 'Computer Software Engineers, Applications', 'INDIA']
['IT', 'Certified', '19103', 'CDI CORPORATION', 'Network and Computer Systems Administrators', 'INDIA']
['Other Economic Sector', 'Certified', '19103', 'DELOITTE CONSULTING LLP', 'Software Developers, Applications', 'INDIA']
['Other Economic Sector', 'Certified', '19103', 'DELOITTE CONSULTING LLP', 'Software Developers, Applications', 'CHINA']
['Other Economic Sector', 'Certified', '19103', 'DELOITTE CONSULTING LLP', 'Software Developers, Applications', 'INDIA']
['Other Economic Sector', 'Certified', '19103', 'DELOITTE CONSULTING LLP', 'Software Developers, Applications', 'INDIA']
['IT', 'Certified', '19103', 'DATA-CORE SYSTEMS, INC', 'Computer Software Engineers, Systems Software', 'INDIA']
['Other Economic Sector', 'Certified', '19103', 'DELOITTE CONSULTING LLP', 'Software Developers, Systems Software', 'INDIA']
['IT', 'Certified', '19103', 'DATA-CORE SYSTEMS, INC', 'Computer Systems Analysts', 'INDIA']
['IT', 'Certified', '19103', 'DATA-CORE SYSTEMS, INC', 'Computer Systems Analysts', 'INDIA']
['IT', 'Certified', '19103', 'DATA-CORE SYSTEMS, INC', 'Computer Systems Analysts', 'INDIA']
['IT', 'Certified', '19103', 'DATA-CORE SYSTEMS, INC', 'Computer Systems Analysts', 'INDIA']
['IT', 'Certified', '19103', 'DATA-CORE SYSTEMS, INC', 'Computer Systems Analysts', 'INDIA']
['IT', 'Certified', '19103', 'DATA-CORE SYSTEMS, INC', 'Computer Systems Analysts', 'INDIA']
['Other Economic Sector', 'Certified', '19103', 'DELOITTE CONSULTING LLP', 'Actuaries', 'CHINA']
['IT', 'Certified', '19103', 'CDI CORPORATION', 'Software Developers, Systems Software', 'INDIA']
['Other Economic Sector', 'Certified', '19102', 'HAY GROUP, INC.', 'Software Developers, Applications', 'UNITED KINGDOM']
['Other Economic Sector', 'Certified', '19103', 'DELOITTE CONSULTING LLP', 'Computer and Information Systems Managers', 'INDIA']
['Other Economic Sector', 'Certified', '19103', 'DELOITTE CONSULTING LLP', 'Computer Systems Analysts', 'INDIA']
['Other Economic Sector', 'Certified', '19103', 'DELOITTE CONSULTING LLP', 'Computer Systems Analysts', 'INDIA']
['Finance', 'Certified', '19103', 'DELOITTE & TOUCHE LLP', 'Accountants and Auditors', 'SOUTH KOREA']
['Finance', 'Certified', '19103', 'DELOITTE & TOUCHE LLP', 'Computer Systems Analysts', 'INDIA']
['Other Economic Sector', 'Certified', '19103', 'DELOITTE CONSULTING LLP', 'Computer and Information Systems Managers', 'INDIA']
['Other Economic Sector', 'Certified', '19103', 'COMCAST CABLE COMMUNICATIONS, LLC', 'Database Administrators', 'GHANA']
['IT', 'Certified', '19103', 'DATA-CORE SYSTEMS, INC', 'Computer Systems Analysts', 'INDIA']
['Other Economic Sector', 'Certified', '19103', 'DELOITTE CONSULTING LLP', 'Software Developers, Applications', 'INDIA']
['Finance', 'Certified', '19103', 'DELOITTE & TOUCHE LLP', 'Computer Systems Analysts', 'INDIA']
['IT', 'Certified', '19103', 'DATA-CORE SYSTEMS, INC', 'Computer Systems Analysts', 'NETHERLANDS']
['Finance', 'Certified', '19103', 'DELOITTE & TOUCHE LLP', 'Computer Systems Analysts', 'NIGERIA']
['Other Economic Sector', 'Certified', '19103', 'DELOITTE CONSULTING LLP', 'Computer Systems Analysts', 'INDIA']
['Other Economic Sector', 'Certified', '19103', 'DELOITTE CONSULTING LLP', 'Software Developers, Applications', 'INDIA']
['Finance', 'Certified', '19103', 'DELOITTE TOUCHE TOHMATSU SERVICES INC.', 'Software Developers, Applications', 'INDIA']
['Other Economic Sector', 'Certified', '19103', 'DELOITTE CONSULTING LLP', 'Computer Systems Analysts', 'CANADA']
['Finance', 'Certified', '19103', 'DELOITTE & TOUCHE LLP', 'Computer Systems Analysts', 'INDIA']
['Other Economic Sector', 'Certified', '19112', 'IROKO PHARMACEUTICALS, LLC', 'Operations Research Analysts', 'EGYPT']
['Other Economic Sector', 'Certified', '19103', 'COMCAST CABLE COMMUNICATIONS, LLC', 'Software Developers, Systems Software', 'INDIA']
['Other Economic Sector', 'Certified', '19103', 'DELOITTE CONSULTING LLP', 'Software Developers, Applications', 'ST LUCIA']
['Finance', 'Certified', '19103', 'DELOITTE & TOUCHE LLP', 'Computer Systems Analysts', 'SOUTH KOREA']
['Other Economic Sector', 'Certified', '19103', 'DELOITTE CONSULTING LLP', 'Computer Systems Analysts', 'INDIA']
['Finance', 'Certified', '19103', 'DELOITTE & TOUCHE LLP', 'Computer Systems Analysts', 'THAILAND']
['Other Economic Sector', 'Certified', '19103', 'COMCAST CABLE COMMUNICATIONS, LLC', 'Computer and Information Systems Managers', 'INDIA']
['Finance', 'Certified', '19103', 'DELOITTE & TOUCHE LLP', 'Network and Computer Systems Administrators*', 'PAKISTAN']
['Health Care', 'Certified', '19119', 'CARRIAGE HOUSE MEDICAL GROUP, LLC', 'Medical and Health Services Managers', 'NIGERIA']
['Other Economic Sector', 'Certified', '19103', 'DELOITTE CONSULTING LLP', 'Computer and Information Systems Managers', 'INDIA']
['Other Economic Sector', 'Certified', '19103', 'DELOITTE CONSULTING LLP', 'Software Developers, Applications', 'INDIA']
['Educational Services', 'Certified', '19104', 'UNIVERSITY OF PENNSYLVANIA', 'Foreign Language and Literature Teachers, Postsecondary', 'PERU']
['Finance', 'Certified', '19103', 'DELOITTE FAS LLP', 'Computer and Information Systems Managers', 'TURKEY']
['Finance', 'Certified', '19103', 'DELOITTE & TOUCHE LLP', 'Computer Systems Analysts', 'INDIA']
['Other Economic Sector', 'Certified', '19103', 'DELOITTE CONSULTING LLP', 'Computer Systems Analysts', 'INDIA']
['Finance', 'Certified', '19106', 'ACE AMERICAN INSURANCE COMPANY', 'Actuaries', 'INDIA']
['Health Care', 'Certified', '19133', 'JUNIATA COMMUNITY MENTAL HEALTH CLINIC', 'Interpreters and Translators', 'NICARAGUA']
['Other Economic Sector', 'Certified', '19103', 'COMCAST CABLE COMMUNICATIONS, LLC', 'Software Developers, Systems Software', 'INDIA']
['Other Economic Sector', 'Certified', '19103', 'DELOITTE CONSULTING LLP', 'Computer and Information Systems Managers', 'INDIA']
['Other Economic Sector', 'Certified', '19103', 'COMCAST CABLE COMMUNICATIONS, LLC', 'Software Developers, Applications', 'INDIA']
['Other Economic Sector', 'Certified', '19103', 'DELOITTE CONSULTING LLP', 'Software Developers, Applications', 'INDIA']
['Other Economic Sector', 'Certified', '19103', 'DELOITTE CONSULTING LLP', 'Computer Systems Analysts', 'MEXICO']
['Finance', 'Certified', '19192', 'CIGNA', 'Software Developers, Applications', 'INDIA']
['Educational Services', 'Certified', '19122', 'TEMPLE UNIVERSITY', 'Software Developers, Applications, Non R & D (ACWIA Only)', 'INDIA']
['Other Economic Sector', 'Certified', '19103', 'DELOITTE CONSULTING LLP', 'Computer Systems Analysts', 'INDIA']
['Educational Services', 'Certified', '19131', "SAINT JOSEPH'S UNIVERSITY", 'Political Science Teachers, Postsecondary', 'JAPAN']
['Other Economic Sector', 'Certified', '19103', 'COMCAST CABLE COMMUNICATIONS, LLC', 'Software Developers, Applications', 'INDIA']
['Other Economic Sector', 'Certified', '19103', 'COMCAST CABLE COMMUNICATIONS, LLC', 'Software Developers, Applications', 'INDIA']
['', 'Denied', '19120', 'MIKE S. LEE & ASSOCIATES INC', 'Bookkeeping, Accounting, and Auditing Clerks', 'SOUTH KOREA']
['Finance', 'Certified', '19103', 'DELOITTE FAS LLP', 'Accountants and Auditors', 'INDIA']
['', 'Denied', '19107', 'PHILADELPHIA VISION CENTER', 'Ophthalmic Laboratory Technicians', 'UNITED KINGDOM']
['Finance', 'Certified', '19103', 'DELOITTE & TOUCHE LLP', 'Computer and Information Systems Managers', 'INDIA']
['Other Economic Sector', 'Certified', '19103', 'COMCAST CABLE COMMUNICATIONS, LLC', 'Software Developers, Systems Software', 'INDIA']
['Finance', 'Certified', '19103', 'DELOITTE & TOUCHE LLP', 'Accountants and Auditors', 'CHINA']
['Finance', 'Certified', '19103', 'DELOITTE TAX LLP', 'Accountants and Auditors', 'CHINA']
['Finance', 'Certified', '19103', 'DELOITTE TAX LLP', 'Financial Managers', 'ITALY']
['Other Economic Sector', 'Certified', '19103', 'DELOITTE CONSULTING LLP', 'Software Developers, Applications', 'INDIA']
['Other Economic Sector', 'Certified', '19103', 'COMCAST CABLE COMMUNICATIONS, LLC', 'Database Administrators', 'INDIA']
['Finance', 'Certified', '19103', 'DELOITTE & TOUCHE LLP', 'Computer and Information Systems Managers', 'INDIA']
['Educational Services', 'Certified', '19107', 'THOMAS JEFFERSON UNIVERSITY', 'Biochemists and Biophysicists', 'PAKISTAN']
['Other Economic Sector', 'Certified', '19103', 'DELOITTE CONSULTING LLP', 'Actuaries', 'TAJIKISTAN']
['Other Economic Sector', 'Certified', '19103', 'DELOITTE CONSULTING LLP', 'Computer Systems Analysts', 'INDIA']
['Other Economic Sector', 'Certified', '19103', 'DELOITTE CONSULTING LLP', 'Computer Systems Analysts', 'INDIA']
['Other Economic Sector', 'Certified', '19103', 'DELOITTE CONSULTING LLP', 'Computer Systems Analysts', 'INDIA']
['Other Economic Sector', 'Certified', '19102', 'TOWERS WATSON PENNSYLVANIA INC.', 'Actuaries', 'CANADA']
['Other Economic Sector', 'Certified', '19103', 'COMCAST CABLE COMMUNICATIONS, LLC', 'Network and Computer Systems Administrators*', 'INDIA']
['Finance', 'Certified', '19103', 'DELOITTE & TOUCHE LLP', 'Accountants and Auditors', 'CHINA']
['Other Economic Sector', 'Certified', '19103', 'DELOITTE CONSULTING LLP', 'Software Developers, Applications', 'INDIA']
['Other Economic Sector', 'Certified', '19103', 'DELOITTE CONSULTING LLP', 'Actuaries', 'MALAYSIA']
['Educational Services', 'Certified', '19104', 'UNIVERSITY OF PENNSYLVANIA', 'Business Teachers, Postsecondary', 'FRANCE']
['Other Economic Sector', 'Certified', '19103', 'COMCAST CABLE COMMUNICATIONS, LLC', 'Software Developers, Applications', 'INDIA']
['Finance', 'Certified', '19103', 'DELOITTE & TOUCHE LLP', 'Financial Managers', 'NETHERLANDS']
['Other Economic Sector', 'Certified', '19103', 'COMCAST CABLE COMMUNICATIONS, LLC', 'Network and Computer Systems Administrators*', 'PAKISTAN']
['Other Economic Sector', 'Certified', '19103', 'DELOITTE CONSULTING LLP', 'Software Developers, Applications', 'INDIA']
['Other Economic Sector', 'Certified', '19103', 'DELOITTE CONSULTING LLP', 'Computer Systems Analysts', 'INDIA']
['Advanced Mfg', 'Certified', '19103', 'SUNOCO PARTNERS LLC D/B/A SUNOCO LOGISTICS', 'Network and Computer Systems Administrators*', 'INDIA']
['Other Economic Sector', 'Certified', '19103', 'DELOITTE CONSULTING LLP', 'Software Developers, Applications', 'INDIA']
['Other Economic Sector', 'Certified', '19103', 'COMCAST CABLE COMMUNICATIONS, LLC', 'Network and Computer Systems Administrators*', 'CHINA']
['Educational Services', 'Certified', '19133', 'TRUEBRIGHT SCIENCE ACADEMY CHARTER SCHOOL CORP.', 'Education Administrators, Elementary and Secondary School', 'TURKEY']
['Other Economic Sector', 'Certified', '19103', 'DELOITTE CONSULTING LLP', 'Management Analysts', 'INDIA']
['Other Economic Sector', 'Certified', '19103', 'COMCAST CABLE COMMUNICATIONS, LLC', 'Computer Systems Analysts', 'INDIA']
['Other Economic Sector', 'Certified', '19103', 'COMCAST CABLE COMMUNICATIONS, LLC', 'Computer Systems Analysts', 'INDIA']
['Other Economic Sector', 'Certified', '19103', 'DELOITTE CONSULTING LLP', 'Computer and Information Systems Managers', 'INDIA']
['Finance', 'Certified', '19103', 'DELOITTE & TOUCHE LLP', 'Computer and Information Systems Managers', 'INDIA']
['Advanced Mfg', 'Certified', '19124', 'MUTUAL PHARMACEUTICAL COMPANY, INC.', 'Medical Scientists, Except Epidemiologists', 'CANADA']
['Other Economic Sector', 'Certified', '19103', 'DELOITTE CONSULTING LLP', 'Software Developers, Applications', 'INDIA']
['Finance', 'Certified', '19103', 'DELOITTE & TOUCHE LLP', 'Financial Managers', 'INDIA']
['Finance', 'Certified', '19103', 'DELOITTE & TOUCHE LLP', 'Accountants and Auditors', 'JAPAN']
['Educational Services', 'Certified', '19107', 'THOMAS JEFFERSON UNIVERSITY', 'Physicians and Surgeons, All Other', 'INDIA']
['Other Economic Sector', 'Certified', '19103', 'COMCAST CABLE COMMUNICATIONS, LLC', 'Information Security Analysts, Web Developers, and Computer Network Architects', 'INDIA']
['Other Economic Sector', 'Certified', '19103', 'DELOITTE CONSULTING LLP', 'Computer Systems Analysts', 'INDIA']
['Other Economic Sector', 'Certified', '19103', 'DELOITTE CONSULTING LLP', 'Management Analysts', 'RUSSIA']
['Other Economic Sector', 'Certified', '19103', 'DELOITTE CONSULTING LLP', 'Computer Systems Analysts', 'INDIA']
['Other Economic Sector', 'Certified', '19103', 'DELOITTE CONSULTING LLP', 'Software Developers, Applications', 'INDIA']
['Other Economic Sector', 'Certified', '19102', 'TOWERS WATSON PENNSYLVANIA INC.', 'Industrial-Organizational Psychologists', 'INDIA']
['Finance', 'Certified', '19103', 'DELOITTE & TOUCHE LLP', 'Software Developers, Applications', 'INDIA']
['Other Economic Sector', 'Certified', '19103', 'DELOITTE CONSULTING LLP', 'Computer and Information Systems Managers', 'INDIA']
['Health Care', 'Certified', '19104', "THE CHILDREN'S HOSPITAL OF PHILADELPHIA", 'Physicians and Surgeons, All Other', 'SOUTH KOREA']
['Other Economic Sector', 'Certified', '19154', 'NATIONAL GREYHOUND ADOPTION PROGRAM', 'Veterinarians', 'CANADA']
['Other Economic Sector', 'Certified', '19103', 'DELOITTE CONSULTING LLP', 'Computer and Information Systems Managers', 'INDIA']
['Other Economic Sector', 'Certified', '19103', 'DELOITTE CONSULTING LLP', 'Computer Systems Analysts', 'INDIA']
['Health Care', 'Certified', '19144', 'ELITE DENTAL LLC', 'Dentists, General', 'INDIA']
['Other Economic Sector', 'Certified', '19103', 'DELOITTE CONSULTING LLP', 'Software Developers, Applications', 'INDIA']
['Other Economic Sector', 'Certified', '19103', 'COMCAST CABLE COMMUNICATIONS, LLC', 'Network and Computer Systems Administrators*', 'INDIA']
['Other Economic Sector', 'Certified', '19103', 'DELOITTE CONSULTING LLP', 'Computer Systems Analysts', 'INDIA']
['Other Economic Sector', 'Certified', '19103', 'DELOITTE CONSULTING LLP', 'Software Developers, Applications', 'INDIA']
['Finance', 'Certified', '19103', 'DELOITTE TAX LLP', 'Computer Systems Analysts', 'PAKISTAN']
['Other Economic Sector', 'Certified', '19103', 'DELOITTE CONSULTING LLP', 'Computer Systems Analysts', 'INDIA']
['Other Economic Sector', 'Certified', '19103', 'DELOITTE CONSULTING LLP', 'Software Developers, Applications', 'INDIA']
['Health Care', 'Certified', '19144', 'ELITE DENTAL LLC', 'Dentists, General', 'INDIA']
['Other Economic Sector', 'Certified', '19103', 'COMCAST CABLE COMMUNICATIONS, LLC', 'Information Security Analysts, Web Developers, and Computer Network Architects', 'INDIA']
['Other Economic Sector', 'Certified', '19103', 'DELOITTE CONSULTING LLP', 'Software Developers, Applications', 'INDIA']
['Other Economic Sector', 'Certified', '19103', 'DELOITTE CONSULTING LLP', 'Environmental Engineers', 'NEPAL']
['Other Economic Sector', 'Certified', '19103', 'DELOITTE CONSULTING LLP', 'Software Developers, Applications', 'INDIA']
['Educational Services', 'Certified', '19122', 'TEMPLE UNIVERSITY', 'Health Specialties Teachers, Postsecondary', 'HONG KONG']
['Educational Services', 'Certified', '19104', 'DREXEL UNIVERSITY', 'Economics Teachers, Postsecondary', 'INDIA']
['Other Economic Sector', 'Certified', '19103', 'DELOITTE CONSULTING LLP', 'Management Analysts', 'INDIA']
['Advanced Mfg', 'Certified', '19103', 'SUNOCO PARTNERS LLC D/B/A SUNOCO LOGISTICS', 'Network and Computer Systems Administrators*', 'INDIA']
['Educational Services', 'Certified', '19104', 'UNIVERSITY OF PENNSYLVANIA', 'Business Teachers, Postsecondary', 'TURKEY']
['Finance', 'Certified', '19103', 'DELOITTE TOUCHE TOHMATSU SERVICES INC.', 'Information Security Analysts, Web Developers, and Computer Network Architects', 'INDIA']
['Finance', 'Certified', '19103', 'DELOITTE & TOUCHE LLP', 'Financial Managers', 'INDIA']
['Finance', 'Certified', '19103', 'DELOITTE & TOUCHE LLP', 'Financial Managers', 'INDIA']
['Finance', 'Certified', '19103', 'DELOITTE & TOUCHE LLP', 'Accountants and Auditors', 'NEPAL']
['Other Economic Sector', 'Certified', '19103', 'DELOITTE CONSULTING LLP', 'Computer Systems Analysts', 'INDIA']
['Other Economic Sector', 'Certified', '19103', 'COMCAST CABLE COMMUNICATIONS, LLC', 'Computer Systems Analysts', 'INDIA']
['Educational Services', 'Certified', '19104', 'UNIVERSITY OF PENNSYLVANIA', 'Statisticians', 'CHINA']
['Educational Services', 'Certified', '19104', 'UNIVERSITY OF PENNSYLVANIA', 'Business Teachers, Postsecondary', 'BRAZIL']
['Finance', 'Certified', '19103', 'DELOITTE & TOUCHE LLP', 'Computer Systems Analysts', 'INDIA']
['Other Economic Sector', 'Certified', '19103', 'DELOITTE CONSULTING LLP', 'Management Analysts', 'CANADA']
['Finance', 'Certified', '19103', 'DELOITTE & TOUCHE LLP', 'Accountants and Auditors', 'CANADA']
['Other Economic Sector', 'Certified', '19103', 'DELOITTE CONSULTING LLP', 'Software Developers, Applications', 'INDIA']
['Advanced Mfg', 'Certified', '19154', 'SPARKS EXHIBITS & ENVIONMENTS LTD.', 'Set and Exhibit Designers', 'SOUTH KOREA']
['Advanced Mfg', 'Certified', '19103', 'SUNOCO PARTNERS LLC D/B/A SUNOCO LOGISTICS', 'Environmental Engineers', 'CHINA']
['Educational Services', 'Certified', '19122', 'TEMPLE UNIVERSITY', 'Foreign Language and Literature Teachers, Postsecondary', 'SPAIN']
['Other Economic Sector', 'Certified', '19103', 'DELOITTE CONSULTING LLP', 'Computer Systems Analysts', 'INDIA']
['Other Economic Sector', 'Certified', '19103', 'DELOITTE CONSULTING LLP', 'Computer and Information Systems Managers', 'INDIA']
['Other Economic Sector', 'Certified', '19103', 'DELOITTE CONSULTING LLP', 'Software Developers, Applications', 'INDIA']
['Finance', 'Certified', '19103', 'DELOITTE & TOUCHE LLP', 'Computer Systems Analysts', 'INDIA']
['Finance', 'Certified', '19103', 'DELOITTE & TOUCHE LLP', 'Financial Managers', 'NIGERIA']
['Other Economic Sector', 'Certified', '19103', 'DELOITTE CONSULTING LLP', 'Software Developers, Applications', 'INDIA']
['Other Economic Sector', 'Certified', '19103', 'DELOITTE CONSULTING LLP', 'Computer Systems Analysts', 'INDIA']
['Finance', 'Certified', '19103', 'DELOITTE & TOUCHE LLP', 'Computer Systems Analysts', 'CHINA']
['Other Economic Sector', 'Certified', '19103', 'DELOITTE CONSULTING LLP', 'Software Developers, Applications', 'INDIA']
['Other Economic Sector', 'Certified', '19103', 'DELOITTE CONSULTING LLP', 'Computer and Information Systems Managers', 'INDIA']
['Other Economic Sector', 'Certified', '19103', 'DELOITTE CONSULTING LLP', 'Computer Systems Analysts', 'INDIA']
['Other Economic Sector', 'Certified', '19103', 'DELOITTE CONSULTING LLP', 'Network and Computer Systems Administrators*', 'INDIA']
['Finance', 'Certified', '19103', 'DELOITTE & TOUCHE LLP', 'Information Security Analysts, Web Developers, and Computer Network Architects', 'INDIA']
['Other Economic Sector', 'Certified', '19103', 'DELOITTE CONSULTING LLP', 'Software Developers, Applications', 'INDIA']
['Other Economic Sector', 'Certified', '19103', 'DELOITTE CONSULTING LLP', 'Software Developers, Applications', 'INDIA']
['Other Economic Sector', 'Certified', '19103', 'DELOITTE CONSULTING LLP', 'Computer Systems Analysts', 'INDIA']
['Educational Services', 'Certified', '19104', 'UNIVERSITY OF PENNSYLVANIA', 'Health Diagnosing and Treating Practitioners, All Other', 'CHINA']
['Finance', 'Certified', '19103', 'DELOITTE & TOUCHE LLP', 'Accountants and Auditors', 'SOUTH KOREA']
['Advanced Mfg', 'Certified', '19103', 'SUNOCO PARTNERS LLC D/B/A SUNOCO LOGISTICS', 'Mechanical Engineers', 'INDIA']
['Other Economic Sector', 'Certified', '19103', 'COMCAST CABLE COMMUNICATIONS, LLC', 'Software Developers, Applications', 'INDIA']
['Finance', 'Certified', '19103', 'DELOITTE & TOUCHE LLP', 'Computer Systems Analysts', 'INDIA']
['Other Economic Sector', 'Certified', '19103', 'DELOITTE CONSULTING LLP', 'Computer and Information Systems Managers', 'INDIA']
['Other Economic Sector', 'Certified', '19103', 'DELOITTE CONSULTING LLP', 'Computer Systems Analysts', 'INDIA']
['Other Economic Sector', 'Certified', '19103', 'DELOITTE CONSULTING LLP', 'Software Developers, Applications', 'INDIA']
['Other Economic Sector', 'Certified', '19103', 'DELOITTE CONSULTING LLP', 'Actuaries', 'INDIA']
['Other Economic Sector', 'Certified', '19103', 'DELOITTE CONSULTING LLP', 'Management Analysts', 'INDIA']
['Other Economic Sector', 'Certified', '19103', 'COMCAST CABLE COMMUNICATIONS, LLC', 'Software Developers, Applications', 'NIGERIA']
['Educational Services', 'Certified', '19104', 'UNIVERSITY OF PENNSYLVANIA', 'Foreign Language and Literature Teachers, Postsecondary', 'BULGARIA']
['Other Economic Sector', 'Certified', '19103', 'DELOITTE CONSULTING LLP', 'Computer Systems Analysts', 'INDIA']
['Other Economic Sector', 'Certified', '19103', 'COMCAST CABLE COMMUNICATIONS, LLC', 'Information Security Analysts, Web Developers, and Computer Network Architects', 'INDIA']
['IT', 'Certified', '19102', 'APPLABS TECHNOLOGIES PRIVATE LIMITED', 'Software Developers, Applications', 'INDIA']
['Aerospace', 'Certified', '19130', 'DAY AND ZIMMERMANN', 'Software Developers, Applications', 'INDIA']
['Other Economic Sector', 'Certified', '19103', 'DELOITTE CONSULTING LLP', 'Computer and Information Systems Managers', 'INDIA']
['Other Economic Sector', 'Certified', '19103', 'DELOITTE CONSULTING LLP', 'Software Developers, Applications', 'INDIA']
['Other Economic Sector', 'Certified', '19103', 'DELOITTE CONSULTING LLP', 'Computer and Information Systems Managers', 'INDIA']
['Other Economic Sector', 'Certified', '19103', 'DELOITTE CONSULTING LLP', 'Computer Systems Analysts', 'TOGO']
['Educational Services', 'Certified', '19104', 'UNIVERSITY OF PENNSYLVANIA', 'Foreign Language and Literature Teachers, Postsecondary', 'COLOMBIA']
['Finance', 'Certified', '19103', 'DELOITTE & TOUCHE LLP', 'Financial Managers', 'LATVIA']
['Educational Services', 'Certified', '19122', 'TEMPLE UNIVERSITY', 'Business Teachers, Postsecondary', 'ISRAEL']
['Other Economic Sector', 'Certified', '19103', 'CONDO ROCCIA LLP', 'Lawyers', 'CHINA']
['Finance', 'Certified', '19103', 'DELOITTE & TOUCHE LLP', 'Accountants and Auditors', 'INDIA']
['Finance', 'Certified', '19103', 'DELOITTE & TOUCHE LLP', 'Computer Systems Analysts', 'INDIA']
['Health Care', 'Certified', '19141', 'EINSTEIN PRACTICE PLAN, INC.', 'Health Specialties Teachers, Postsecondary', 'VENEZUELA']
['Health Care', 'Certified', '19141', 'EINSTEIN PRACTICE PLAN, INC.', 'Health Specialties Teachers, Postsecondary', 'INDIA']
['Other Economic Sector', 'Certified', '19103', 'DELOITTE CONSULTING LLP', 'Computer Systems Analysts', 'INDIA']
['Finance', 'Certified', '19103', 'DELOITTE & TOUCHE LLP', 'Computer Systems Analysts', 'INDIA']
['Other Economic Sector', 'Certified', '19103', 'DELOITTE CONSULTING LLP', 'Software Developers, Applications', 'INDIA']
['Other Economic Sector', 'Certified', '19103', 'DELOITTE CONSULTING LLP', 'Software Developers, Applications', 'INDIA']
['Finance', 'Certified', '19103', 'DELOITTE TOUCHE TOHMATSU SERVICES INC.', 'Software Developers, Applications', 'INDIA']
['Other Economic Sector', 'Certified', '19103', 'DELOITTE CONSULTING LLP', 'Computer Systems Analysts', 'INDIA']
['Finance', 'Certified', '19103', 'DELOITTE & TOUCHE LLP', 'Financial Managers', 'CANADA']
['Health Care', 'Certified', '19141', 'EINSTEIN PRACTICE PLAN, INC.', 'Internists, General', 'SPAIN']
['Advanced Mfg', 'Certified', '19154', 'CROWN CORK & SEAL COMPANY, INC.', 'Electrical Engineers', 'NEPAL']
['Finance', 'Certified', '19103', 'DELOITTE & TOUCHE LLP', 'Computer Systems Analysts', 'POLAND']
['Other Economic Sector', 'Certified', '19103', 'DELOITTE CONSULTING LLP', 'Software Developers, Applications', 'INDIA']
['Other Economic Sector', 'Certified', '19103', 'DELOITTE CONSULTING LLP', 'Computer Systems Analysts', 'INDIA']
['Other Economic Sector', 'Certified', '19103', 'DELOITTE CONSULTING LLP', 'Computer Systems Analysts', 'INDIA']
['Finance', 'Certified', '19103', 'DELOITTE & TOUCHE LLP', 'Information Security Analysts, Web Developers, and Computer Network Architects', 'INDIA']
['Other Economic Sector', 'Certified', '19103', 'DELOITTE CONSULTING LLP', 'Software Developers, Applications', 'INDIA']
['Other Economic Sector', 'Certified', '19103', 'DELOITTE CONSULTING LLP', 'Computer Systems Analysts', 'CHINA']
['Other Economic Sector', 'Certified', '19103', 'DELOITTE CONSULTING LLP', 'Computer and Information Systems Managers', 'INDIA']
['Educational Services', 'Certified', '19122', 'TEMPLE UNIVERSITY', 'Business Teachers, Postsecondary', 'INDIA']
['Other Economic Sector', 'Certified', '19103', 'DELOITTE CONSULTING LLP', 'Computer Systems Analysts', 'INDIA']
['Other Economic Sector', 'Certified', '19103', 'DELOITTE CONSULTING LLP', 'Software Developers, Applications', 'INDIA']
['Finance', 'Certified', '19103', 'DELOITTE & TOUCHE LLP', 'Management Analysts', 'INDIA']
['Other Economic Sector', 'Certified', '19103', 'DELOITTE CONSULTING LLP', 'Computer and Information Systems Managers', 'AUSTRALIA']
['Finance', 'Certified', '19103', 'DELOITTE & TOUCHE LLP', 'Computer Systems Analysts', 'INDIA']
['Other Economic Sector', 'Certified', '19103', 'DELOITTE CONSULTING LLP', 'Management Analysts', 'CANADA']
['Advanced Mfg', 'Certified', '19124', 'MUTUAL PHARMACEUTICAL COMPANY, INC.', 'Chemical Engineers', 'CANADA']
['Other Economic Sector', 'Certified', '19103', 'DELOITTE CONSULTING LLP', 'Computer Systems Analysts', 'INDIA']
['Finance', 'Certified', '19103', 'DELOITTE & TOUCHE LLP', 'Accountants and Auditors', 'NIGERIA']
['Other Economic Sector', 'Certified', '19103', 'DELOITTE CONSULTING LLP', 'Computer and Information Systems Managers', 'CANADA']
['Other Economic Sector', 'Certified', '19103', 'DELOITTE CONSULTING LLP', 'Information Security Analysts, Web Developers, and Computer Network Architects', 'INDIA']
['Other Economic Sector', 'Certified', '19103', 'DELOITTE CONSULTING LLP', 'Financial Managers', 'INDIA']
['Other Economic Sector', 'Certified', '19103', 'DELOITTE CONSULTING LLP', 'Financial Analysts', 'COSTA RICA']
['Other Economic Sector', 'Certified', '19103', 'COMCAST CABLE COMMUNICATIONS, LLC', 'Software Developers, Applications', 'INDIA']
['Other Economic Sector', 'Certified', '19103', 'DELOITTE CONSULTING LLP', 'Computer Systems Analysts', 'INDIA']
['Other Economic Sector', 'Certified', '19103', 'DELOITTE CONSULTING LLP', 'Computer and Information Systems Managers', 'INDIA']
['Other Economic Sector', 'Certified', '19103', 'DELOITTE CONSULTING LLP', 'Computer and Information Systems Managers', 'UNITED KINGDOM']
['Educational Services', 'Certified', '19104', 'UNIVERSITY OF PENNSYLVANIA', 'Business Teachers, Postsecondary', 'RUSSIA']
['Educational Services', 'Certified', '19104', 'UNIVERSITY OF PENNSYLVANIA', 'Business Teachers, Postsecondary', 'CANADA']
['Other Economic Sector', 'Certified', '19103', 'DELOITTE CONSULTING LLP', 'Computer and Information Systems Managers', 'INDIA']
['Other Economic Sector', 'Certified', '19103', 'COMCAST CABLE COMMUNICATIONS, LLC', 'Software Developers, Systems Software', 'INDIA']
['Other Economic Sector', 'Certified', '19103', 'DELOITTE CONSULTING LLP', 'Computer Systems Analysts', 'INDIA']
['Educational Services', 'Certified', '19107', 'THOMAS JEFFERSON UNIVERSITY', 'Internists, General', 'IRAN']
['Finance', 'Certified', '19103', 'DELOITTE & TOUCHE LLP', 'Computer and Information Systems Managers', 'INDIA']
['', 'Certified', '19104', 'THE WISTAR INSTITUTE OF ANATOMY AND BIOLOGY', 'Accountants and Auditors', 'INDIA']
['Finance', 'Certified', '19103', 'DELOITTE & TOUCHE LLP', 'Computer Systems Analysts', 'INDIA']
['Other Economic Sector', 'Certified', '19103', 'DELOITTE CONSULTING LLP', 'Computer and Information Systems Managers', 'INDIA']
['Finance', 'Certified', '19192', 'CIGNA', 'Actuaries', 'UNITED KINGDOM']
['Other Economic Sector', 'Certified', '19103', 'DELOITTE CONSULTING LLP', 'Computer and Information Systems Managers', 'INDIA']
['Finance', 'Certified', '19103', 'DELOITTE TAX LLP', 'Accountants and Auditors', 'CHINA']
['Other Economic Sector', 'Certified', '19103', 'DELOITTE CONSULTING LLP', 'Software Developers, Applications', 'INDIA']
['Finance', 'Certified', '19103', 'DELOITTE & TOUCHE LLP', 'Accountants and Auditors', 'JAPAN']
['Aerospace', 'Certified', '19114', 'AGUSTAWESTLAND PHILADELPHIA CORPORATION', 'Aerospace Engineers', 'INDIA']
['Other Economic Sector', 'Certified', '19103', 'DELOITTE CONSULTING LLP', 'Database Administrators', 'INDIA']
['Other Economic Sector', 'Certified', '19103', 'DELOITTE CONSULTING LLP', 'Computer and Information Systems Managers', 'INDIA']
['Finance', 'Certified', '19103', 'SINGER FINANCIAL CORP', 'Credit Analysts', 'BELARUS']
['Energy', 'Certified', '19102', 'CUSTOMIZED ENERGY SOLUTIONS, LTD.', 'Electrical Engineers', 'INDIA']
['Finance', 'Certified', '19103', 'DELOITTE & TOUCHE LLP', 'Financial Managers', 'SOUTH AFRICA']
['Other Economic Sector', 'Certified', '19103', 'DELOITTE CONSULTING LLP', 'Computer and Information Systems Managers', 'INDIA']
['Other Economic Sector', 'Certified', '19103', 'DELOITTE CONSULTING LLP', 'Financial Managers', 'CHINA']
['Other Economic Sector', 'Certified', '19103', 'DELOITTE CONSULTING LLP', 'Computer and Information Systems Managers', 'IRELAND']
['Other Economic Sector', 'Certified', '19103', 'COMCAST CABLE COMMUNICATIONS, LLC', 'Information Security Analysts, Web Developers, and Computer Network Architects', 'INDIA']
['Other Economic Sector', 'Certified', '19103', 'DELOITTE CONSULTING LLP', 'Software Developers, Applications', 'INDIA']
['Other Economic Sector', 'Certified', '19103', 'DELOITTE CONSULTING LLP', 'Financial Managers', 'INDIA']
['Other Economic Sector', 'Certified', '19103', 'DELOITTE CONSULTING LLP', 'Computer and Information Systems Managers', 'INDIA']
['Other Economic Sector', 'Certified', '19103', 'DELOITTE CONSULTING LLP', 'Computer and Information Systems Managers', 'INDIA']
['Other Economic Sector', 'Certified', '19103', 'DELOITTE CONSULTING LLP', 'Software Developers, Applications', 'TRINIDAD AND TOBAGO']
['Other Economic Sector', 'Certified', '19103', 'DELOITTE CONSULTING LLP', 'Computer and Information Systems Managers', 'INDIA']
['Other Economic Sector', 'Certified', '19103', 'DELOITTE CONSULTING LLP', 'Software Developers, Applications', 'INDIA']
['Other Economic Sector', 'Certified', '19103', 'DELOITTE CONSULTING LLP', 'Software Developers, Applications', 'INDIA']
['Other Economic Sector', 'Certified', '19103', 'DELOITTE CONSULTING LLP', 'Software Developers, Applications', 'INDIA']
['Other Economic Sector', 'Certified', '19102', 'TOWERS WATSON PENNSYLVANIA INC.', 'Actuaries', 'INDIA']
['Finance', 'Certified', '19103', 'DELOITTE & TOUCHE LLP', 'Computer and Information Systems Managers', 'INDIA']
['Finance', 'Certified', '19103', 'DELOITTE TOUCHE TOHMATSU SERVICES INC.', 'Software Developers, Applications', 'INDIA']
['Finance', 'Certified', '19103', 'DELOITTE & TOUCHE LLP', 'Accountants and Auditors', 'JAPAN']
['', 'Certified', '19103', 'CDI CORPORATION', 'Network and Computer Systems Administrators*', 'INDIA']
['Other Economic Sector', 'Certified', '19103', 'DELOITTE CONSULTING LLP', 'Computer and Information Systems Managers', 'INDIA']
['Other Economic Sector', 'Certified', '19103', 'DELOITTE CONSULTING LLP', 'Management Analysts', 'HAITI']
['Other Economic Sector', 'Certified', '19103', 'DELOITTE CONSULTING LLP', 'Software Developers, Applications', 'INDIA']
['Finance', 'Certified', '19103', 'DELOITTE FAS LLP', 'Financial Managers', 'FRANCE']
['Other Economic Sector', 'Certified', '19103', 'DELOITTE CONSULTING LLP', 'Software Developers, Applications', 'INDIA']
['Other Economic Sector', 'Certified', '19103', 'DELOITTE CONSULTING LLP', 'Computer and Information Systems Managers', 'INDIA']
['Other Economic Sector', 'Certified', '19103', 'DELOITTE CONSULTING LLP', 'Management Analysts', 'INDIA']
['Finance', 'Certified', '19103', 'DELOITTE TAX LLP', 'Software Developers, Applications', 'INDIA']
['Other Economic Sector', 'Certified', '19103', 'DELOITTE CONSULTING LLP', 'Software Developers, Applications', 'INDIA']
['Other Economic Sector', 'Certified', '19103', 'DELOITTE CONSULTING LLP', 'Computer Systems Analysts', 'GREECE']
['Other Economic Sector', 'Certified', '19103', 'DELOITTE CONSULTING LLP', 'Computer Systems Analysts', 'INDIA']
['Other Economic Sector', 'Certified', '19103', 'DELOITTE CONSULTING LLP', 'Software Developers, Applications', 'INDIA']
['Other Economic Sector', 'Certified', '19103', 'DELOITTE CONSULTING LLP', 'Software Developers, Applications', 'INDIA']
['Other Economic Sector', 'Certified', '19103', 'DELOITTE CONSULTING LLP', 'Software Developers, Applications', 'INDIA']
['Finance', 'Certified', '19103', 'DELOITTE TAX LLP', 'Financial Managers', 'LEBANON']
['Other Economic Sector', 'Certified', '19103', 'DELOITTE CONSULTING LLP', 'Computer Systems Analysts', 'INDIA']
['Other Economic Sector', 'Certified', '19103', 'DELOITTE CONSULTING LLP', 'Compensation, Benefits, and Job Analysis Specialists', 'INDIA']
['Educational Services', 'Certified', '19104', 'UNIVERSITY OF PENNSYLVANIA', 'Health Diagnosing and Treating Practitioners, All Other', 'SPAIN']
['Other Economic Sector', 'Certified', '19103', 'DELOITTE CONSULTING LLP', 'Computer and Information Systems Managers', 'INDIA']
['Finance', 'Certified', '19103', 'DELOITTE & TOUCHE LLP', 'Accountants and Auditors', 'RUSSIA']
['IT', 'Certified', '19130', 'INDUS SOLUTIONS', 'Software Developers, Applications', 'INDIA']
['Finance', 'Certified', '19103', 'DELOITTE TOUCHE TOHMATSU SERVICES INC.', 'Software Developers, Applications', 'INDIA']
['Other Economic Sector', 'Certified', '19103', 'DELOITTE CONSULTING LLP', 'Computer and Information Systems Managers', 'INDIA']
['Other Economic Sector', 'Certified', '19103', 'COMCAST CABLE COMMUNICATIONS, LLC', 'Software Developers, Applications', 'INDIA']
['Other Economic Sector', 'Certified', '19103', 'DELOITTE CONSULTING LLP', 'Management Analysts', 'INDIA']
['Educational Services', 'Certified', '19107', 'THOMAS JEFFERSON UNIVERSITY', 'Internists, General', 'NIGERIA']
['Other Economic Sector', 'Certified', '19103', 'DELOITTE CONSULTING LLP', 'Computer and Information Systems Managers', 'INDIA']
['Educational Services', 'Certified', '19107', 'THOMAS JEFFERSON UNIVERSITY', 'Internists, General', 'INDIA']
['Other Economic Sector', 'Certified', '19103', 'DELOITTE CONSULTING LLP', 'Computer Systems Analysts', 'THAILAND']
['Educational Services', 'Certified', '19107', 'THOMAS JEFFERSON UNIVERSITY', 'Internists, General', 'PERU']
['Educational Services', 'Certified', '19107', 'THOMAS JEFFERSON UNIVERSITY', 'Internists, General', 'PHILIPPINES']
['Other Economic Sector', 'Certified', '19103', 'DELOITTE CONSULTING LLP', 'Computer and Information Systems Managers', 'INDIA']
['Finance', 'Certified', '19103', 'DELOITTE & TOUCHE LLP', 'Accountants and Auditors', 'HONDURAS']
['Finance', 'Certified', '19103', 'DELOITTE & TOUCHE LLP', 'Computer and Information Systems Managers', 'LITHUANIA']
['Other Economic Sector', 'Certified', '19103', 'DELOITTE CONSULTING LLP', 'Computer and Information Systems Managers', 'INDIA']
['Other Economic Sector', 'Certified', '19103', 'DELOITTE CONSULTING LLP', 'Computer Systems Analysts', 'INDIA']
['Other Economic Sector', 'Certified', '19103', 'DELOITTE CONSULTING LLP', 'Computer Systems Analysts', 'INDIA']
['Other Economic Sector', 'Certified', '19103', 'DELOITTE CONSULTING LLP', 'Computer Systems Analysts', 'INDIA']
['Other Economic Sector', 'Certified', '19103', 'DELOITTE CONSULTING LLP', 'Software Developers, Applications', 'CANADA']
['Other Economic Sector', 'Certified', '19103', 'DELOITTE CONSULTING LLP', 'Computer Systems Analysts', 'INDIA']
['Other Economic Sector', 'Certified', '19103', 'DELOITTE CONSULTING LLP', 'Computer and Information Systems Managers', 'INDIA']
['Other Economic Sector', 'Certified', '19103', 'DELOITTE CONSULTING LLP', 'Computer and Information Systems Managers', 'INDIA']
['Other Economic Sector', 'Certified', '19103', 'COMCAST CABLE COMMUNICATIONS, LLC', 'Software Developers, Applications', 'INDIA']
['Other Economic Sector', 'Certified', '19103', 'DELOITTE CONSULTING LLP', 'Computer Systems Analysts', 'INDIA']
['Other Economic Sector', 'Certified', '19103', 'DELOITTE CONSULTING LLP', 'Computer Systems Analysts', 'INDIA']
['Finance', 'Certified', '19103', 'DELOITTE TOUCHE TOHMATSU SERVICES INC.', 'Marketing Managers', 'CANADA']
['Other Economic Sector', 'Certified', '19103', 'COMCAST CABLE COMMUNICATIONS, LLC', 'Software Developers, Applications', 'INDIA']
['Finance', 'Certified', '19103', 'DELOITTE & TOUCHE LLP', 'Management Analysts', 'CANADA']
['Other Economic Sector', 'Certified', '19103', 'DELOITTE CONSULTING LLP', 'Computer and Information Systems Managers', 'SPAIN']
['Other Economic Sector', 'Certified', '19103', 'DELOITTE CONSULTING LLP', 'Software Developers, Applications', 'INDIA']
['Other Economic Sector', 'Certified', '19103', 'DELOITTE CONSULTING LLP', 'Computer Systems Analysts', 'INDIA']
['Finance', 'Certified', '19103', 'DELOITTE TAX LLP', 'Accountants and Auditors', 'JAPAN']
['Health Care', 'Certified', '19139', 'MEDNET HEALTHCARE SYSTEMS, INC', 'Clinical, Counseling, and School Psychologists', 'INDIA']
['Health Care', 'Certified', '19140', 'TEMPLE UNIVERSITY HOSPITAL', 'Medical and Clinical Laboratory Technologists', 'CANADA']
['Other Economic Sector', 'Certified', '19103', 'DELOITTE CONSULTING LLP', 'Computer Systems Analysts', 'INDIA']
['Finance', 'Certified', '19103', 'THE SAVITZ ORGANIZATION, INCORPORATED', 'Software Developers, Applications', 'INDIA']
['Other Economic Sector', 'Certified', '19103', 'DELOITTE CONSULTING LLP', 'Software Developers, Systems Software', 'INDIA']
['Other Economic Sector', 'Certified', '19103', 'DELOITTE CONSULTING LLP', 'Computer Systems Analysts', 'INDIA']
['Other Economic Sector', 'Certified', '19103', 'DELOITTE CONSULTING LLP', 'Software Developers, Applications', 'INDIA']
['Other Economic Sector', 'Certified', '19103', 'DELOITTE CONSULTING LLP', 'Computer Systems Analysts', 'INDIA']
['Other Economic Sector', 'Certified', '19103', 'DELOITTE CONSULTING LLP', 'Computer and Information Systems Managers', 'INDIA']
['Other Economic Sector', 'Certified', '19104', 'ZOOLOGICAL SOCIETY OF PHILADELPHIA', 'Public Relations and Fundraising Managers', 'INDIA']
['Other Economic Sector', 'Certified', '19103', 'DELOITTE CONSULTING LLP', 'Computer Systems Analysts', 'INDIA']
['Other Economic Sector', 'Certified', '19103', 'DELOITTE CONSULTING LLP', 'Software Developers, Applications', 'INDIA']
['Health Care', 'Certified', '19141', 'EINSTEIN MEDICAL CENTER MONTGOMERY', 'Internists, General', 'ARGENTINA']
['Health Care', 'Certified', '19141', 'EINSTEIN MEDICAL CENTER MONTGOMERY', 'Internists, General', 'VENEZUELA']
['Other Economic Sector', 'Certified', '19103', 'DELOITTE CONSULTING LLP', 'Computer and Information Systems Managers', 'INDIA']
['Finance', 'Certified', '19103', 'DELOITTE FAS LLP', 'Financial Managers', 'INDIA']
['Other Economic Sector', 'Certified', '19103', 'DELOITTE CONSULTING LLP', 'Software Developers, Applications', 'INDIA']
['Other Economic Sector', 'Certified', '19103', 'DELOITTE CONSULTING LLP', 'Software Developers, Applications', 'INDIA']
['Other Economic Sector', 'Certified', '19103', 'DELOITTE CONSULTING LLP', 'Computer and Information Systems Managers', 'INDIA']
['Other Economic Sector', 'Certified', '19103', 'DELOITTE CONSULTING LLP', 'Computer and Information Systems Managers', 'UNITED KINGDOM']
['Advanced Mfg', 'Certified', '19127', 'PAPERWORKS INDUSTRIES, INC.', 'Accountants and Auditors', 'INDIA']
['Finance', 'Certified', '19103', 'DELOITTE & TOUCHE LLP', 'Computer Systems Analysts', 'INDIA']
['Other Economic Sector', 'Certified', '19130', 'THOMSON REUTERS (SCIENTIFIC), INC.', 'Statisticians', 'RUSSIA']
['Other Economic Sector', 'Certified', '19103', 'DELOITTE CONSULTING LLP', 'Computer Systems Analysts', 'INDIA']
['Other Economic Sector', 'Certified', '19103', 'DELOITTE CONSULTING LLP', 'Software Developers, Applications', 'INDIA']
['Other Economic Sector', 'Certified', '19103', 'DELOITTE CONSULTING LLP', 'Software Developers, Applications', 'INDIA']
['Other Economic Sector', 'Certified', '19103', 'DELOITTE CONSULTING LLP', 'Computer Systems Analysts', 'INDIA']
['Other Economic Sector', 'Certified', '19103', 'DELOITTE CONSULTING LLP', 'Computer Systems Analysts', 'BULGARIA']
['Finance', 'Certified', '19103', 'DELOITTE TAX LLP', 'Accountants and Auditors', 'JAPAN']
['Other Economic Sector', 'Certified', '19103', 'DELOITTE CONSULTING LLP', 'Software Developers, Applications', 'INDIA']
['Other Economic Sector', 'Certified', '19103', 'DELOITTE CONSULTING LLP', 'Computer and Information Systems Managers', 'INDIA']
['Hospitality', 'Certified', '19107', 'ARAMARK MANAGEMENT, LLC', 'Software Developers, Applications', 'INDIA']
['Other Economic Sector', 'Certified', '19103', 'DELOITTE CONSULTING LLP', 'Software Developers, Applications', 'INDIA']
['Other Economic Sector', 'Certified', '19103', 'DELOITTE CONSULTING LLP', 'Database Administrators', 'INDIA']
['Other Economic Sector', 'Certified', '19103', 'DELOITTE CONSULTING LLP', 'Software Developers, Applications', 'INDIA']
['Other Economic Sector', 'Certified', '19103', 'DELOITTE CONSULTING LLP', 'Computer Systems Analysts', 'MEXICO']
['Other Economic Sector', 'Certified', '19103', 'DELOITTE CONSULTING LLP', 'Management Analysts', 'INDIA']
['Educational Services', 'Certified', '19104', 'PHEC D/B/A DREXEL UNIVERSITY COLLEGE OF MEDICINE', 'Health Specialties Teachers, Postsecondary', 'INDIA']
['Other Economic Sector', 'Certified', '19103', 'DELOITTE CONSULTING LLP', 'Software Developers, Applications', 'INDIA']
['Health Care', 'Certified', '19104', "THE CHILDREN'S HOSPITAL OF PHILADELPHIA", 'Pediatricians, General', 'HONDURAS']
['Other Economic Sector', 'Certified', '19112', 'CORNERSTONE LEGAL CONSULTANTS, LLC', 'Software Developers, Applications', 'CHINA']
['Educational Services', 'Certified', '19104', 'UNIVERSITY OF PENNSYLVANIA', 'Dentists, All Other Specialists', 'GREECE']
['IT', 'Certified', '19103', 'CDI CORPORATION', 'Software Developers, Applications', 'PHILIPPINES']
['Energy', 'Certified', '19101', 'PECO ENERGY, AN EXELON COMPANY', 'Computer Systems Analysts', 'CANADA']
['Aerospace', 'Certified', '19130', 'DAY AND ZIMMERMANN', 'Computer Systems Analysts', 'INDIA']
['Aerospace', 'Certified', '19130', 'DAY AND ZIMMERMANN', 'Software Developers, Applications', 'INDIA']
['', 'Denied', '19107', 'VETRI 640 CORPORATION', 'Chefs and Head Cooks', 'MEXICO']
['Other Economic Sector', 'Denied', '19103', 'DELOITTE SERVICES LP', 'Computer Software Engineers, Applications', 'INDIA']
['Finance', 'Denied', '19103', 'ASHER & COMPANY, LTD', 'Auditors', 'INDIA']
['', 'Denied', '19103', 'DATA-CORE SYSTEMS, INC', 'Computer Systems Analysts', 'INDIA']
['', 'Denied', '19104', "THE CHILDREN'S HOSPITAL OF PHILADELPHIA", 'Pediatricians, General', 'HONDURAS']
['Other Economic Sector', 'Denied', '19103', 'DELOITTE CONSULTING LLP', 'Computer Systems Analysts', 'CANADA']
['Finance', 'Denied', '19103', 'DELOITTE & TOUCHE LLP', 'Computer and Information Systems Managers', 'INDIA']
['IT', 'Denied', '19106', 'WEBLINC LLC', 'Software Developers, Applications', 'INDIA']
['Advanced Mfg', 'Denied', '19112', 'AKER PHILADELPHIA SHIPYARD INC.', 'Architectural and Engineering Managers', 'UNITED KINGDOM']
['IT', 'Denied', '19110', 'ALLENPORT CO', 'Computer and Information Systems Managers', 'INDIA']
['', 'Denied', '19107', 'ARAMARK', '', 'CANADA']
['IT', 'Denied', '19103', 'CDI CORPORATION', 'Management Analysts', 'INDIA']
['Health Care', 'Denied', '19140', 'PAN AMERICAN MENTAL HEALTH SERVICES, INC.', 'Mental Health Counselors', 'EGYPT']
['Construction', 'Denied', '19103', 'FACILITY SPECIALISTS, LLC', 'Cement Masons and Concrete Finishers', 'INDONESIA']
['Hospitality', 'Denied', '19103', 'NOVEMBER ENTERPRISES', 'Food Service Managers', 'IRELAND']
['', 'Denied', '19103', 'CDI CORPORATION', 'Computer Systems Analysts', 'INDIA']
['Other Economic Sector', 'Denied', '19103', 'DELOITTE CONSULTING LLP', 'Financial Managers', 'INDIA']
['Other Economic Sector', 'Denied', '19103', 'DELOITTE CONSULTING LLP', 'Computer and Information Systems Managers', 'PHILIPPINES']
['Health Care', 'Denied', '19134', "TENET HEALTH SYSTEM ST. CHRISTOPHER'S HOSPITAL FOR", 'Management Analysts', 'INDIA']
['', 'Denied', '19103', 'THIPDECHA INC.', 'Cooks, Restaurant', 'THAILAND']
['Other Economic Sector', 'Withdrawn', '19104', 'PULSAR INFORMATICS, INC.', 'Financial Managers', 'CANADA']
['Hospitality', 'Withdrawn', '19106', "PHILLY'S GOURMET CAFE, INC.", 'Chefs and Head Cooks', 'SOUTH KOREA']
['Other Economic Sector', 'Withdrawn', '19136', 'C & L USA, INC.', 'Executive Secretaries and Executive Administrative Assistants', 'SOUTH KOREA']
['Other Economic Sector', 'Withdrawn', '19109', 'MISSIONSTAFF', 'Computer Systems Analysts', 'INDIA']
['Health Care', 'Withdrawn', '19140', 'TEMPLE UNIVERSITY HOSPITAL', 'Medical and Clinical Laboratory Technologists', 'CANADA']
['Finance', 'Withdrawn', '19103', 'DELOITTE & TOUCHE LLP', 'Accountants and Auditors', 'PHILIPPINES']
['Other Economic Sector', 'Withdrawn', '19103', 'DELOITTE CONSULTING LLP', 'Software Developers, Applications', 'NIGERIA']
['Other Economic Sector', 'Withdrawn', '19103', 'COMCAST CABLE COMMUNICATIONS, LLC', 'Software Developers, Applications', 'CHINA']
['Other Economic Sector', 'Withdrawn', '19103', 'DELOITTE CONSULTING LLP', 'Computer and Information Systems Managers', 'INDIA']
['Other Economic Sector', 'Withdrawn', '19142', 'BENS BEAUTY SUPPLY CORP', 'Procurement Clerks', 'UNITED STATES OF AMERICA']
['Health Care', 'Withdrawn', '19141', 'EINSTEIN COMMUNITY HEALTH ASSOCIATES, INC.', 'Family and General Practitioners', 'SOUTH KOREA']
['Other Economic Sector', 'Withdrawn', '19126', 'THE KOREAN UNITED CHURCH OF PHILADELPHIA', 'Clergy', 'SOUTH KOREA']