['Other Economic Sector', 'Certified', '60603', 'JPMORGAN CHASE & CO.', 'Market Research Analysts', 'INDIA']
['Finance', 'Certified', '60601', 'HEALTH CARE SERVICE CORP.', 'Computer Systems Analysts', 'INDIA']
['Other Economic Sector', 'Certified', '60606', 'BOOZ & COMPANY (N.A.) INC.', 'Management Analysts', 'INDIA']
['Finance', 'Certified', '60606', "R. J. O'BRIEN & ASSOCIATES, L.L.C.", 'Securities, Commodities, and Financial Services Sales Agents', 'SOUTH KOREA']
['Other Economic Sector', 'Certified', '60606', 'BOOZ & COMPANY (N.A.) INC.', 'Computer Systems Analysts', 'INDIA']
['Other Economic Sector', 'Certified', '60606', 'BOOZ & COMPANY (N.A.) INC.', 'Management Analysts', 'INDIA']
['Health Care', 'Certified', '60612', 'RUSH UNIVERSITY MEDICAL CENTER', 'Physicians and Surgeons, All Other', 'IRELAND']
['Other Economic Sector', 'Certified', '60654', 'CCC INFORMATION SERVICES INC.', 'Computer Software Engineers, Applications', 'INDIA']
['Other Economic Sector', 'Certified', '60601', 'BAKER & MCKENZIE GLOBAL SERVICES LLC', 'Computer and Information Systems Managers', 'UNITED KINGDOM']
['Other Economic Sector', 'Certified', '60601', 'BRININSTOOL, KERWIN & LYNCH LLC', 'Engineering Managers', 'CANADA']
['Other Economic Sector', 'Certified', '60606', 'BOOZ & COMPANY (N.A.) INC.', 'Management Analysts', 'TURKEY']
['Other Economic Sector', 'Certified', '60606', 'BOOZ & COMPANY (N.A.) INC.', 'Management Analysts', 'SINGAPORE']
['Other Economic Sector', 'Certified', '60606', 'BOOZ & COMPANY (N.A.) INC.', 'Management Analysts', 'KENYA']
['IT', 'Certified', '60606', 'CAPGEMINI U.S. LLC', 'Computer Software Engineers, Applications', 'INDIA']
['Finance', 'Certified', '60661', 'TRANSUNION INTERACTIVE, INC.,', 'Marketing Managers', 'CANADA']
['IT', 'Certified', '60606', 'CAPGEMINI U.S. LLC', 'Computer Software Engineers, Applications', 'INDIA']
['Hospitality', 'Certified', '60640', 'TAQUERIA EL RANCHITO NUMBER TWO, INC.', 'Chefs and Head Cooks', 'MEXICO']
['Hospitality', 'Certified', '60640', 'TAQUERIA EL RANCHITO NUMBER TWO, INC.', 'Chefs and Head Cooks', 'MEXICO']
['IT', 'Certified', '60606', 'CAPGEMINI U.S. LLC', 'Computer Software Engineers, Applications', 'INDIA']
['Health Care', 'Certified', '60637', 'UNIVERSITY OF CHICAGO MEDICAL CENTER,HUMAN RESOURC', 'Medical and Clinical Laboratory Technologists', 'PHILIPPINES']
['Finance', 'Certified', '60606', 'WILLIAM BLAIR & COMPANY, LLC', 'Software Developers, Applications', 'INDIA']
['Health Care', 'Certified', '60646', 'INTEGRATED THERAPY SPECIALISTS, LLC', 'General and Operations Managers', 'PHILIPPINES']
['Educational Services', 'Certified', '60626', 'CHICAGO MATH AND SCIENCE ACADEMY', 'Accountants and Auditors', 'TURKEY']
['Finance', 'Certified', '60605', 'CHICAGO BOARD OPTIONS EXCHANGE', 'Database Administrators', 'INDIA']
['IT', 'Certified', '60606', 'CLERYSYS INC', 'Computer Software Engineers, Applications', 'INDIA']
['Other Economic Sector', 'Certified', '60603', 'JP MORGAN CHASE & CO', 'Network and Computer Systems Administrators', 'INDIA']
['Educational Services', 'Certified', '60604', 'DEPAUL UNIVERSITY', 'Biological Science Teachers, Postsecondary', 'CANADA']
['IT', 'Certified', '60606', 'CAPGEMINI U.S. LLC', 'Computer Software Engineers, Applications', 'INDIA']
['Hospitality', 'Certified', '60619', 'SIMER SP INC. D/B/A SUBWAY', 'Food Service Managers', 'INDIA']
['Health Care', 'Certified', '60646', 'INTEGRATED THERAPY SPECIALISTS, LLC', 'Computer Software Engineers, Applications', 'PHILIPPINES']
['IT', 'Certified', '60659', 'WINDYCITY TECHNOLOGIES INC.,', 'Computer Software Engineers, Applications', 'INDIA']
['IT', 'Certified', '60606', 'CAPGEMINI U.S. LLC', 'Computer Software Engineers, Applications', 'INDIA']
['IT', 'Certified', '60606', 'SAGGEZZA INC', 'Computer Systems Analysts', 'INDIA']
['Other Economic Sector', 'Certified', '60632', 'NEW LIFE COMMUNITY CHURCH', 'Accountants and Auditors', 'SPAIN']
['Finance', 'Certified', '60604', 'CHOPPER TRADING LLC', 'Financial Analysts', 'UNITED STATES OF AMERICA']
['Other Economic Sector', 'Certified', '60606', 'SPHERE CONSULTING INC.', 'Computer and Information Systems Managers', 'UKRAINE']
['Other Economic Sector', 'Certified', '60603', 'JP MORGAN CHASE & CO', 'Computer Systems Analysts', 'INDIA']
['Educational Services', 'Certified', '60659', 'ROSEL SCHOOL OF COSMETOLOGY', 'Vocational Education Teachers Postsecondary', 'SOUTH KOREA']
['Finance', 'Certified', '60606', 'SUN TRADING LLC', 'Database Administrators', 'INDIA']
['Other Economic Sector', 'Certified', '60604', 'TRAVELERS & IMMIGRANTS AID HEARTLAND ALLIANCE', 'Social and Community Service Managers', 'ITALY']
['IT', 'Certified', '60661', 'CRYSTAL EQUATION CORPORATION', 'Computer Software Engineers, Applications', 'INDIA']
['Finance', 'Certified', '60602', 'ALPHAMETRIX GROUP LLC', 'Financial Analysts', 'INDIA']
['Other Economic Sector', 'Certified', '60603', 'JP MORGAN CHASE & CO', 'Personal Financial Advisors', 'SPAIN']
['IT', 'Certified', '60606', 'CAPGEMINI U.S. LLC', 'Software Developers, Applications', 'INDIA']
['Other Economic Sector', 'Certified', '60602', 'GRUBHUB, INC.', 'Computer and Information Research Scientists', 'INDIA']
['Other Economic Sector', 'Certified', '60603', 'JP MORGAN CHASE & CO', 'Financial Analysts', 'CHINA']
['Other Economic Sector', 'Certified', '60603', 'JP MORGAN CHASE & CO', 'Software Developers, Applications', 'INDIA']
['', 'Certified', '60606', 'SPHERE CONSULTING INC.', 'Computer and Information Systems Managers', 'UKRAINE']
['Advanced Mfg', 'Certified', '60607', 'AKZO NOBEL INC', 'Chemical Engineers', 'INDIA']
['Other Economic Sector', 'Certified', '60603', 'JP MORGAN CHASE & CO', 'Financial Managers', 'FRANCE']
['IT', 'Certified', '60606', 'FIELDGLASS, INC.', 'Computer Systems Analysts', 'INDIA']
['Aerospace', 'Certified', '60606', 'NAVIGANT CONSULTING, INC.', 'Financial Analysts', 'SRI LANKA']
['Other Economic Sector', 'Certified', '60601', 'ACCENTURE LLP', 'Computer and Information Systems Managers', 'INDONESIA']
['IT', 'Certified', '60659', 'BIJJAM INFORMATION TECHNOLOGIES, INC', 'Computer Systems Analysts', 'INDIA']
['IT', 'Certified', '60606', 'CAPGEMINI U.S. LLC', 'Software Developers, Applications', 'INDIA']
['IT', 'Certified', '60606', 'CAPGEMINI U.S. LLC', 'Software Developers, Applications', 'INDIA']
['Finance', 'Certified', '60605', 'CTC TRADING GROUP, LLC', 'Software Developers, Applications', 'BRAZIL']
['Health Care', 'Certified', '60647', "AMERICAN WOMEN'S MEDICAL GROUP", 'Network and Computer Systems Administrators*', 'CHINA']
['IT', 'Certified', '60606', 'CAPGEMINI U.S. LLC', 'Software Developers, Applications', 'INDIA']
['IT', 'Certified', '60659', 'BIJJAM INFORMATION TECHNOLOGIES, INC', 'Software Developers, Applications', 'INDIA']
['Hospitality', 'Certified', '60606', 'SELECT HOTELS GROUP LLC', 'Lodging Managers', 'INDIA']
['IT', 'Certified', '60659', 'BIJJAM INFORMATION TECHNOLOGIES, INC', 'Software Developers, Systems Software', 'INDIA']
['Other Economic Sector', 'Certified', '60606', 'BOOZ & COMPANY (N.A.) INC.', 'Management Analysts', 'INDIA']
['Advanced Mfg', 'Certified', '60639', 'MAGID GLOVE & SAFETY', 'Market Research Analysts and Marketing Specialists*', 'TAIWAN']
['Other Economic Sector', 'Certified', '60606', 'BOOZ & COMPANY (N.A.) INC.', 'Computer Systems Analysts', 'INDIA']
['Other Economic Sector', 'Certified', '60606', 'A.T. KEARNEY, INC.', 'Statisticians', 'INDIA']
['Other Economic Sector', 'Certified', '60606', 'A.T. KEARNEY, INC.', 'Statisticians', 'MEXICO']
['Other Economic Sector', 'Certified', '60606', 'A.T. KEARNEY, INC.', 'Management Analysts', 'INDIA']
['Other Economic Sector', 'Certified', '60606', 'MAYER BROWN LLP', 'Lawyers', 'CHINA']
['Other Economic Sector', 'Certified', '60601', 'AXIOM CONSULTING PARTNERS, LLC', 'Management Analysts', 'INDIA']
['Other Economic Sector', 'Certified', '60618', 'SPOTLESS CLEANERS INC (TWO NINETY CLEANERS INC', 'Tailors, Dressmakers, and Custom Sewers', 'SOUTH KOREA']
['Health Care', 'Certified', '60614', "CHILDREN'S MEMORIAL HOSPITAL", 'Statisticians', 'CHINA']
['Health Care', 'Certified', '60610', 'SIGNATURE HEALTHCARE SOLUTIONS SC', 'Internists, General', 'CANADA']
['IT', 'Certified', '60605', 'ALLSTON HOLDINGS LLC', 'Software Developers, Applications', 'MACEDONIA']
['Retail', 'Certified', '60654', 'GROUPON, INC.', 'Computer and Information Systems Managers', 'INDIA']
['Other Economic Sector', 'Certified', '60641', 'BULTASA BUDDHIST TEMPLE OF CHICAGO', 'Office Clerks, General', 'SOUTH KOREA']
['Finance', 'Certified', '60661', 'DRW HOLDINGS, LLC.', 'Financial Analysts', 'TURKEY']
['Finance', 'Certified', '60603', 'CITADEL LLC', 'Computer and Information Systems Managers', 'FRANCE']
['Aerospace', 'Certified', '60606', 'H.W. LOCHNER, INC.', 'Civil Engineers', 'INDIA']
['IT', 'Certified', '60602', 'DICKINSON & ASSOCIATES, INC.', 'Computer Systems Analysts', 'INDIA']
['IT', 'Certified', '60602', 'DICKINSON & ASSOCIATES, INC.', 'Computer Systems Analysts', 'INDIA']
['Finance', 'Certified', '60604', 'TWG HOLDINGS, INC.', 'Software Developers, Applications', 'INDIA']
['Other Economic Sector', 'Certified', '60606', 'MAYER BROWN LLP', 'Lawyers', 'THAILAND']
['Other Economic Sector', 'Certified', '60603', 'JP MORGAN CHASE & CO', 'Software Developers, Applications', 'INDIA']
['IT', 'Certified', '60606', 'CAPGEMINI U.S. LLC', 'Software Developers, Applications', 'INDIA']
['Other Economic Sector', 'Certified', '60603', 'JP MORGAN CHASE & CO', 'Software Developers, Applications', 'INDIA']
['Other Economic Sector', 'Certified', '60601', 'ACCENTURE LLP', 'Computer and Information Systems Managers', 'INDIA']
['IT', 'Certified', '60606', 'CAPGEMINI U.S. LLC', 'Software Developers, Applications', 'INDIA']
['Educational Services', 'Certified', '60645', 'IDA CROWN JEWISH ACADEMY', 'Secondary School Teachers, Except Special and Career/Technical Education', 'CANADA']
['Other Economic Sector', 'Certified', '60601', 'ACCENTURE LLP', 'Computer and Information Systems Managers', 'BRAZIL']
['Health Care', 'Certified', '60625', 'BALMORAL HOME INC.', 'Health Educators', 'PHILIPPINES']
['Finance', 'Certified', '60606', 'MCGLADREY LLP', 'Accountants and Auditors', 'SOUTH AFRICA']
['Other Economic Sector', 'Certified', '60606', 'MAYER BROWN LLP', 'Lawyers', 'MEXICO']
['Finance', 'Certified', '60606', 'MCGLADREY LLP', 'Computer Systems Analysts', 'INDIA']
['Other Economic Sector', 'Certified', '60603', 'JP MORGAN CHASE & CO', 'Software Developers, Applications', 'INDIA']
['IT', 'Certified', '60606', 'OPTIONMONSTER HOLDINGS, INC.', 'Computer Systems Analysts', 'INDIA']
['Other Economic Sector', 'Certified', '60603', 'JP MORGAN CHASE & CO', 'Software Developers, Applications', 'INDIA']
['Advanced Mfg', 'Certified', '60603', 'ARCELORMITTAL USA LLC', 'Electrical Engineers', 'SOUTH AFRICA']
['Other Economic Sector', 'Certified', '60603', 'JP MORGAN CHASE & CO', 'Accountants and Auditors', 'CHINA']
['Finance', 'Certified', '60603', 'CITADEL LLC', 'Financial Analysts', 'CHINA']
['Finance', 'Certified', '60601', 'HEALTH CARE SERVICE CORP.', 'Software Developers, Applications', 'CANADA']
['Advanced Mfg', 'Certified', '60606', 'RR DONNELLEY', 'Computer Systems Analysts', 'INDIA']
['IT', 'Certified', '60606', 'REALTICK LLC', 'Software Developers, Systems Software', 'INDIA']
['IT', 'Certified', '60606', 'SAGGEZZA INC', 'Software Developers, Systems Software', 'INDIA']
['Other Economic Sector', 'Certified', '60654', 'CCC INFORMATION SERVICES INC.', 'Software Developers, Applications', 'INDIA']
['Other Economic Sector', 'Certified', '60601', 'ACCENTURE LLP', 'Financial Managers', 'UNITED KINGDOM']
['IT', 'Certified', '60611', 'ACCRETIVE HEALTH, INC.', 'Computer and Information Systems Managers', 'INDIA']
['Other Economic Sector', 'Certified', '60603', 'JP MORGAN CHASE & CO', 'Software Developers, Applications', 'INDIA']
['Transportation', 'Certified', '60602', 'RICONDO & ASSOCIATES, INC.', 'Civil Engineers', 'INDIA']
['Transportation', 'Certified', '60606', 'UNITED AIRLINES', 'Accountants and Auditors', 'INDIA']
['Other Economic Sector', 'Certified', '60603', 'JP MORGAN CHASE & CO', 'Financial Analysts', 'SWEDEN']
['Finance', 'Certified', '60603', 'CITADEL LLC', 'Financial Managers', 'UNITED KINGDOM']
['Finance', 'Certified', '60603', 'CITADEL LLC', 'Software Developers, Applications', 'BANGLADESH']
['Finance', 'Certified', '60606', 'SUNRISE FUTURES, LLC', 'Financial Analysts', 'CHINA']
['Finance', 'Certified', '60606', 'SUNRISE FUTURES, LLC', 'Software Developers, Applications', 'INDIA']
['Health Care', 'Certified', '60655', 'COMPASSIONATE HOME CARE, INC.', 'Medical and Health Services Managers', 'PHILIPPINES']
['Other Economic Sector', 'Certified', '60603', 'JP MORGAN CHASE & CO', 'Software Developers, Applications', 'INDIA']
['Other Economic Sector', 'Certified', '60606', 'UNIVERSITY HEALTHSYSTEM CONSORTIUM', 'Software Developers, Applications', 'INDIA']
['Finance', 'Certified', '60606', 'SUNRISE FUTURES, LLC', 'Financial Analysts', 'CHINA']
['Finance', 'Certified', '60634', 'CHICAGO ACCOUNTING & TAX SERVICES LTD.', 'Accountants and Auditors', 'POLAND']
['Aerospace', 'Certified', '60606', 'THE BOEING COMPANY', 'Computer and Information Systems Managers', 'CANADA']
['Health Care', 'Certified', '60657', 'REPRODUCTIVE GENETICS INSTITUTE', 'Biochemists and Biophysicists', 'UKRAINE']
['IT', 'Certified', '60606', 'CAPGEMINI U.S. LLC', 'Software Developers, Applications', 'INDIA']
['Other Economic Sector', 'Certified', '60603', 'JP MORGAN CHASE & CO', 'Software Developers, Applications', 'INDIA']
['Other Economic Sector', 'Certified', '60603', 'JP MORGAN CHASE & CO', 'Financial Managers', 'SOUTH AFRICA']
['Finance', 'Certified', '60601', 'BDO USA LLP', 'Financial Managers', 'UNITED KINGDOM']
['Other Economic Sector', 'Certified', '60603', 'JP MORGAN CHASE & CO', 'Mathematicians', 'ISRAEL']
['Other Economic Sector', 'Certified', '60603', 'SARGENT & LUNDY LLC', 'Mechanical Engineers', 'ITALY']
['IT', 'Certified', '60661', 'SYMPHONYIRI GROUP, INC.', 'Software Developers, Applications', 'INDIA']
['Finance', 'Certified', '60601', 'BDO USA LLP', 'Accountants and Auditors', 'ZIMBABWE']
['Other Economic Sector', 'Certified', '60661', 'SAMPCO, INC.', 'Accountants and Auditors', 'BRAZIL']
['Transportation', 'Certified', '60606', 'UNITED AIRLINES', 'Statisticians', 'SOUTH KOREA']
['Other Economic Sector', 'Certified', '60603', 'JP MORGAN CHASE & CO', 'Database Administrators', 'INDIA']
['IT', 'Certified', '60606', 'CAPGEMINI U.S. LLC', 'Computer and Information Systems Managers', 'INDIA']
['Other Economic Sector', 'Certified', '60603', 'JP MORGAN CHASE & CO', 'Financial Analysts', 'CHINA']
['Other Economic Sector', 'Certified', '60603', 'JP MORGAN CHASE & CO', 'Software Developers, Applications', 'INDIA']
['Other Economic Sector', 'Certified', '60601', 'LEO BURNETT COMPANY, INC.', 'Art Directors', 'MALAYSIA']
['Finance', 'Certified', '60606', 'BUTTONWOOD GROUP TRADING LLC', 'Software Developers, Systems Software', 'CHINA']
['IT', 'Certified', '60631', 'EPAY SYSTEMS, INC.', 'Software Developers, Applications', 'INDIA']
['Retail', 'Certified', '60654', 'GROUPON, INC.', 'Computer and Information Research Scientists', 'CYPRUS']
['Educational Services', 'Certified', '60604', 'DEPAUL UNIVERSITY', 'Software Developers, Applications, Non R & D (ACWIA Only)', 'THAILAND']
['Health Care', 'Certified', '60610', 'SIGNATURE HEALTHCARE SOLUTIONS', 'Physicians and Surgeons, All Other', 'INDIA']
['Educational Services', 'Certified', '60637', 'THE UNIVERSITY OF CHICAGO', 'Economics Teachers, Postsecondary', 'ITALY']
['Other Economic Sector', 'Certified', '60606', 'GATX CORPORATION', 'Marketing Managers', 'CHINA']
['Health Care', 'Certified', '60646', 'US SERVICES INC.', 'Medical and Health Services Managers', 'SRI LANKA']
['Finance', 'Certified', '60602', 'MORNINGSTAR, INC.', 'Computer and Information Systems Managers', 'BANGLADESH']
['Other Economic Sector', 'Certified', '60603', 'JP MORGAN CHASE & CO', 'Software Developers, Applications', 'VIETNAM']
['Other Economic Sector', 'Certified', '60603', 'JP MORGAN CHASE & CO', 'Computer Systems Analysts', 'INDIA']
['Finance', 'Certified', '60606', 'FEIS ARBITRAGE LLC', 'Financial Analysts', 'INDIA']
['Other Economic Sector', 'Certified', '60606', 'DOTOMI LLC', 'Software Developers, Applications', 'ISRAEL']
['Other Economic Sector', 'Certified', '60603', 'JP MORGAN CHASE & CO', 'Software Developers, Applications', 'INDIA']
['Other Economic Sector', 'Certified', '60654', 'CCC INFORMATION SERVICES INC.', 'Software Developers, Applications', 'INDIA']
['Finance', 'Certified', '60601', 'ARIEL INVESTMENTS, LLC', 'Financial Analysts', 'CHINA']
['Educational Services', 'Certified', '60606', 'TAYLOR BUSINESS INSTITUTE', 'Vocational Education Teachers, Postsecondary', 'INDIA']
['Other Economic Sector', 'Certified', '60603', 'JP MORGAN CHASE & CO', 'Software Developers, Applications', 'INDIA']
['Other Economic Sector', 'Certified', '60603', 'JP MORGAN CHASE & CO', 'Securities, Commodities, and Financial Services Sales Agents', 'INDIA']
['IT', 'Certified', '60606', 'NAVTEQ NORTH AMERICA, LLC', 'Software Developers, Applications', 'INDIA']
['Other Economic Sector', 'Certified', '60603', 'JP MORGAN CHASE & CO', 'Personal Financial Advisors', 'MEXICO']
['IT', 'Certified', '60606', 'OLENICK & ASSOCIATES, INC.', 'Software Developers, Applications', 'INDIA']
['Finance', 'Certified', '60602', 'MORNINGSTAR, INC.', 'Software Developers, Applications', 'CHINA']
['IT', 'Certified', '60606', 'CAPGEMINI U.S. LLC', 'Software Developers, Applications', 'INDIA']
['Finance', 'Certified', '60661', 'TRANSUNION INTERACTIVE, INC.,', 'Database Administrators', 'INDIA']
['IT', 'Certified', '60602', 'SPRYWARE, LLC', 'Software Developers, Applications', 'CHINA']
['Other Economic Sector', 'Certified', '60603', 'JP MORGAN CHASE & CO', 'Software Developers, Applications', 'INDIA']
['Other Economic Sector', 'Certified', '60606', 'TTX COMPANY', 'Architectural and Engineering Managers', 'INDIA']
['IT', 'Certified', '60606', 'CAPGEMINI U.S. LLC', 'Computer and Information Systems Managers', 'INDIA']
['Finance', 'Certified', '60601', 'HEALTH CARE SERVICE CORP.', 'Software Developers, Applications', 'INDIA']
['Other Economic Sector', 'Certified', '60603', 'JP MORGAN CHASE & CO', 'Software Developers, Applications', 'INDIA']
['Other Economic Sector', 'Certified', '60603', 'JP MORGAN CHASE & CO', 'Software Developers, Applications', 'CHINA']
['Finance', 'Certified', '60602', 'MORNINGSTAR, INC.', 'Software Developers, Applications', 'INDIA']
['Other Economic Sector', 'Certified', '60611', 'STANDARD PARKING CORPORATION', 'Software Developers, Applications', 'INDIA']
['Other Economic Sector', 'Certified', '60603', 'JP MORGAN CHASE & CO', 'Software Developers, Applications', 'INDIA']
['Retail', 'Certified', '60654', 'GROUPON, INC.', 'Computer and Information Systems Managers', 'CHILE']
['Other Economic Sector', 'Certified', '60606', 'TTX COMPANY', 'Computer Systems Analysts', 'INDIA']
['Finance', 'Certified', '60603', 'THE NORTHERN TRUST COMPANY', 'Accountants and Auditors', 'INDIA']
['IT', 'Certified', '60606', 'CLERYSYS INC', 'Computer Systems Analysts', 'INDIA']
['Advanced Mfg', 'Certified', '60609', 'TRIPP LITE', 'Information Security Analysts, Web Developers, and Computer Network Architects', 'INDIA']
['Educational Services', 'Certified', '60605', 'ROOSEVELT UNIVERSITY', 'Health Specialties Teachers, Postsecondary', 'INDIA']
['Educational Services', 'Certified', '60607', 'INTERCULTURAL MONTESSORI LANGUAGE SCHOOL', 'Kindergarten Teachers, Except Special Education', 'TAIWAN']
['Retail', 'Certified', '60654', 'GROUPON, INC.', 'Computer Systems Analysts', 'CHINA']
['Advanced Mfg', 'Certified', '60603', 'ARCELORMITTAL USA LLC', 'Mechanical Engineers', 'CANADA']
['Advanced Mfg', 'Certified', '60641', 'GIL SEWING CORPORATION', 'Operations Research Analysts', 'CANADA']
['Other Economic Sector', 'Certified', '60602', 'QUANTITATIVE RISK MANAGEMENT', 'Computer Systems Analysts', 'CHINA']
['Educational Services', 'Certified', '60625', 'NORTHEASTERN ILLINOIS UNIVERSITY', 'Education Teachers, Postsecondary', 'TURKEY']
['Health Care', 'Certified', '60625', 'BALMORAL HOME INC', 'Medical and Health Services Managers', 'PHILIPPINES']
['Other Economic Sector', 'Certified', '60603', 'JP MORGAN CHASE & CO', 'Software Developers, Applications', 'INDIA']
['Other Economic Sector', 'Certified', '60603', 'JP MORGAN CHASE & CO', 'Software Developers, Applications', 'INDIA']
['Other Economic Sector', 'Certified', '60603', 'HOLABIRD & ROOT LLC', 'Graphic Designers', 'SOUTH KOREA']
['Other Economic Sector', 'Certified', '60603', 'JP MORGAN CHASE & CO', 'Software Developers, Applications', 'CHINA']
['Educational Services', 'Certified', '60637', 'THE UNIVERSITY OF CHICAGO', 'Financial Managers', 'COLOMBIA']
['Educational Services', 'Certified', '60605', 'ROOSEVELT UNIVERSITY', 'Health Specialties Teachers, Postsecondary', 'INDIA']
['Advanced Mfg', 'Certified', '60657', 'GUNEY AZERBAYCAN TV INC', 'Broadcast Technicians', 'GEORGIA']
['Educational Services', 'Certified', '60626', 'LOYOLA UNIVERSITY CHICAGO', 'Coaches and Scouts', 'UNITED KINGDOM']
['Health Care', 'Certified', '60646', 'US SERVICES INC.', 'Medical and Health Services Managers', 'INDIA']
['Other Economic Sector', 'Certified', '60603', 'JP MORGAN CHASE & CO', 'Software Developers, Applications', 'UNITED KINGDOM']
['IT', 'Certified', '60606', 'SPRI PARTNERS LLC', 'Software Developers, Applications', 'INDIA']
['Other Economic Sector', 'Certified', '60603', 'JP MORGAN CHASE & CO', 'Financial Managers', 'ROMANIA']
['Other Economic Sector', 'Certified', '60603', 'JP MORGAN CHASE & CO', 'Financial Analysts', 'CANADA']
['IT', 'Certified', '60603', 'STRATA MARKETING, INC.', 'Software Developers, Applications', 'CHINA']
['Other Economic Sector', 'Certified', '60601', 'VIVAKI, INC.', 'Software Developers, Applications', 'INDIA']
['Other Economic Sector', 'Certified', '60603', 'PROJECT LEADERSHIP ASSOCIATES', 'Computer and Information Systems Managers', 'INDIA']
['Other Economic Sector', 'Certified', '60603', 'JP MORGAN CHASE & CO', 'Software Developers, Applications', 'INDIA']
['Other Economic Sector', 'Certified', '60640', 'NEWARK CORPORATION', 'Architectural and Engineering Managers', 'SINGAPORE']
['Other Economic Sector', 'Certified', '60603', 'JP MORGAN CHASE & CO', 'Financial Managers', 'FRANCE']
['Advanced Mfg', 'Certified', '60601', 'EVRAZ INC NA', 'Architectural and Engineering Managers', 'RUSSIA']
['Other Economic Sector', 'Certified', '60601', 'ACCENTURE LLP', 'Computer and Information Systems Managers', 'INDIA']
['IT', 'Certified', '60611', 'ACCRETIVE HEALTH, INC.', 'Software Developers, Applications', 'INDIA']
['Other Economic Sector', 'Certified', '60603', 'NORC', 'Statisticians', 'CHINA']
['Other Economic Sector', 'Certified', '60603', 'JP MORGAN CHASE & CO', 'Software Developers, Applications', 'INDIA']
['Finance', 'Certified', '60603', 'CITADEL LLC', 'Software Developers, Applications', 'INDIA']
['IT', 'Certified', '60606', 'ENTERPRISE TECH PROFESSIONALS INC.', 'Database Administrators', 'INDIA']
['Finance', 'Certified', '60611', 'MCP ALTERNATIVE ASSET MANAGEMENT LTD.', 'Financial Analysts', 'INDIA']
['Finance', 'Certified', '60603', 'CITADEL LLC', 'Financial Analysts', 'INDIA']
['Other Economic Sector', 'Certified', '60613', 'CLASSIFIED VENTURES, LLC', 'Software Developers, Applications', 'INDIA']
['Other Economic Sector', 'Certified', '60603', 'JP MORGAN CHASE & CO', 'Computer and Information Systems Managers', 'INDIA']
['IT', 'Certified', '60611', 'ANALYTICS 8, LLC', 'Computer Systems Analysts', 'INDIA']
['Educational Services', 'Certified', '60637', 'THE UNIVERSITY OF CHICAGO', 'Foreign Language and Literature Teachers, Postsecondary', 'GERMANY']
['Aerospace', 'Certified', '60606', 'NAVIGANT CAPITAL ADVISORS', 'Financial Examiners', 'INDIA']
['IT', 'Certified', '60606', 'CAPGEMINI U.S. LLC', 'Software Developers, Applications', 'INDIA']
['Other Economic Sector', 'Certified', '60601', 'VIVAKI, INC.', 'Software Developers, Applications', 'INDIA']
['Other Economic Sector', 'Certified', '60601', 'VIVAKI, INC.', 'Software Developers, Applications', 'BANGLADESH']
['Health Care', 'Certified', '60610', 'SIGNATURE HEALTHCARE SOLUTIONS', 'Internists, General', 'INDIA']
['Other Economic Sector', 'Certified', '60603', 'JP MORGAN CHASE & CO', 'Executive Secretaries and Executive Administrative Assistants', 'COLOMBIA']
['IT', 'Certified', '60606', 'CAPGEMINI U.S. LLC', 'Software Developers, Applications', 'INDIA']
['Other Economic Sector', 'Certified', '60603', 'JP MORGAN CHASE & CO', 'Software Developers, Applications', 'INDIA']
['IT', 'Certified', '60654', 'MBIRA TECHNOLOGIES, LLC', 'Database Administrators', 'CHINA']
['Finance', 'Certified', '60605', 'CTC TRADING GROUP, LLC', 'Computer Systems Analysts', 'INDIA']
['Finance', 'Certified', '60603', 'CITADEL LLC', 'Software Developers, Applications', 'UNITED KINGDOM']
['Other Economic Sector', 'Certified', '60603', "WOMEN'S BUSINESS DEVELOPMENT CENTER INC.", 'Management Analysts', 'RUSSIA']
['IT', 'Certified', '60606', 'CAPGEMINI U.S. LLC', 'Software Developers, Applications', 'INDIA']
['Other Economic Sector', 'Certified', '60603', 'JP MORGAN CHASE & CO', 'Statisticians', 'CHINA']
['Aerospace', 'Certified', '60606', 'NAVIGANT CONSULTING, INC.', 'Accountants and Auditors', 'INDIA']
['Other Economic Sector', 'Certified', '60601', 'BAILEY EDWARD DESIGN', 'Architects, Except Landscape and Naval', 'NEPAL']
['IT', 'Certified', '60611', 'ACCRETIVE HEALTH, INC.', 'Software Developers, Applications', 'INDIA']
['Health Care', 'Certified', '60611', "LURIE CHILDREN'S MEDICAL GROUP LLC", 'Physicians and Surgeons, All Other', 'INDIA']
['IT', 'Certified', '60606', 'CAPGEMINI U.S. LLC', 'Software Developers, Applications', 'INDIA']
['Retail', 'Certified', '60654', 'GROUPON, INC.', 'Software Developers, Applications', 'INDIA']
['Aerospace', 'Certified', '60603', 'INFRASTRUCTURE ENGINEERING, INC.', 'Architectural and Engineering Managers', 'INDIA']
['Finance', 'Certified', '60607', 'ICY CAPITAL LLC', 'Software Developers, Applications', 'SOUTH KOREA']
['IT', 'Certified', '60606', 'NAVTEQ NORTH AMERICA, LLC', 'Marketing Managers', 'CANADA']
['Advanced Mfg', 'Certified', '60603', 'ARCELORMITTAL USA LLC', 'Electrical Engineers', 'INDIA']
['Other Economic Sector', 'Certified', '60603', 'JP MORGAN CHASE & CO', 'Software Developers, Applications', 'INDIA']
['Retail', 'Certified', '60654', 'GROUPON, INC.', 'Software Developers, Applications', 'INDIA']
['Other Economic Sector', 'Certified', '60603', 'JP MORGAN CHASE & CO', 'Computer Systems Analysts', 'INDIA']
['Finance', 'Certified', '60601', 'BDO USA LLP', 'Accountants and Auditors', 'PERU']
['IT', 'Certified', '60607', 'SOLIANT CONSULTING, INC.', 'Computer and Information Systems Managers', 'SPAIN']
['Other Economic Sector', 'Certified', '60604', 'VOA ASSOCIATES INCORPORATED', 'Architectural and Civil Drafters', 'CHINA']
['IT', 'Certified', '60606', 'CAPGEMINI U.S. LLC', 'Software Developers, Applications', 'INDIA']
['Educational Services', 'Certified', '60626', 'LOYOLA UNIVERSITY CHICAGO', 'Accountants and Auditors', 'INDIA']
['Finance', 'Certified', '60654', 'RONIN CAPITAL, LLC', 'Financial Analysts', 'INDIA']
['Aerospace', 'Certified', '60661', 'ROLF JENSEN & ASSOCIATES', 'Health and Safety Engineers, Except Mining Safety Engineers and Inspectors', 'COLOMBIA']
['Health Care', 'Certified', '60618', 'MOBILE DOCTORS', 'Family and General Practitioners', 'CANADA']
['IT', 'Certified', '60601', 'NEOCOL INC.', 'Software Developers, Applications', 'INDIA']
['Other Economic Sector', 'Certified', '60603', 'JP MORGAN CHASE & CO', 'Credit Analysts', 'ARGENTINA']
['Other Economic Sector', 'Certified', '60603', 'JP MORGAN CHASE & CO', 'Economists', 'INDIA']
['Other Economic Sector', 'Certified', '60603', 'JP MORGAN CHASE & CO', 'Software Developers, Systems Software', 'INDIA']
['Finance', 'Certified', '60661', 'TRANSUNION', 'Database Administrators', 'INDIA']
['Other Economic Sector', 'Certified', '60603', 'JP MORGAN CHASE & CO', 'Software Developers, Applications', 'INDIA']
['Advanced Mfg', 'Certified', '60606', 'RR DONNELLEY', 'Software Developers, Applications', 'INDIA']
['IT', 'Certified', '60606', 'CAPGEMINI U.S. LLC', 'Software Developers, Applications', 'AUSTRALIA']
['Health Care', 'Certified', '60618', 'PACIFIC HOME HEALTH CARE, INC.', 'Network and Computer Systems Administrators*', 'PHILIPPINES']
['Educational Services', 'Certified', '60637', 'THE UNIVERSITY OF CHICAGO', 'Business Teachers, Postsecondary', 'RUSSIA']
['Finance', 'Certified', '60654', 'MESIROW FINANCIAL HOLDINGS, INC.', 'Software Developers, Systems Software', 'INDIA']
['Other Economic Sector', 'Certified', '60601', 'JONES LANG LASALLE AMERICAS, INC.', 'Software Developers, Applications', 'PHILIPPINES']
['Other Economic Sector', 'Certified', '60601', 'VNC COMMUNICATIONS INC.', 'Marketing Managers', 'HONG KONG']
['Finance', 'Certified', '60654', 'INFINIUM CAPITAL MANAGEMENT', 'Software Developers, Applications', 'INDIA']
['Educational Services', 'Certified', '60637', 'THE UNIVERSITY OF CHICAGO', 'Business Teachers, Postsecondary', 'TURKEY']
['Educational Services', 'Certified', '60637', 'THE UNIVERSITY OF CHICAGO', 'Business Teachers, Postsecondary', 'RUSSIA']
['Finance', 'Certified', '60654', 'INFINIUM CAPITAL MANAGEMENT', 'Software Developers, Applications', 'INDIA']
['Educational Services', 'Certified', '60637', 'TOYOTA TECHNOLOGICAL INSTITUTE CHICAGO', 'Computer Science Teachers, Postsecondary', 'INDIA']
['Other Economic Sector', 'Certified', '60603', 'JP MORGAN CHASE & CO', 'Network and Computer Systems Administrators*', 'CANADA']
['Other Economic Sector', 'Certified', '60603', 'JP MORGAN CHASE & CO', 'Software Developers, Applications', 'INDIA']
['IT', 'Certified', '60631', 'OPEN TEXT, INC', 'Computer and Information Systems Managers', 'SINGAPORE']
['Finance', 'Certified', '60661', 'E.C. ORTIZ & CO., LLP', 'Accountants and Auditors', 'PHILIPPINES']
['Finance', 'Certified', '60661', 'E.C. ORTIZ & CO., LLP', 'Accountants and Auditors', 'PHILIPPINES']
['Finance', 'Certified', '60661', 'E.C. ORTIZ & CO., LLP', 'Accountants and Auditors', 'PHILIPPINES']
['IT', 'Certified', '60631', 'OPEN TEXT, INC', 'Software Developers, Applications', 'INDIA']
['Finance', 'Certified', '60661', 'E.C. ORTIZ & CO., LLP', 'Accountants and Auditors', 'PHILIPPINES']
['IT', 'Certified', '60654', 'WAKENSYS CORPORATION', 'Computer Systems Analysts', 'SRI LANKA']
['Other Economic Sector', 'Certified', '60603', 'JP MORGAN CHASE & CO', 'Personal Financial Advisors', 'PERU']
['Educational Services', 'Certified', '60637', 'THE UNIVERSITY OF CHICAGO', 'Business Teachers, Postsecondary', 'INDIA']
['IT', 'Certified', '60631', 'OPEN TEXT, INC', 'Computer and Information Systems Managers', 'INDIA']
['Advanced Mfg', 'Certified', '60616', 'SILVER CHALICE VENTURES LLC', 'Software Developers, Systems Software', 'INDIA']
['Retail', 'Certified', '60637', 'COSMO SUPERSTORE, INC. D/B/A COSMO BEAUTY SUPPLY', 'Computer Systems Analysts', 'CHINA']
['Finance', 'Certified', '60661', 'TRANSUNION', 'Computer and Information Systems Managers', 'INDIA']
['Educational Services', 'Certified', '60637', 'THE UNIVERSITY OF CHICAGO', 'Philosophy and Religion Teachers, Postsecondary', 'ISRAEL']
['Other Economic Sector', 'Certified', '60603', 'MADRID CROST LAW GROUP', 'Accountants and Auditors', 'PHILIPPINES']
['IT', 'Certified', '60631', 'OPEN TEXT, INC', 'Computer Systems Analysts', 'INDIA']
['Transportation', 'Certified', '60606', 'UNITED AIRLINES', 'Computer Systems Analysts', 'INDIA']
['Finance', 'Certified', '60606', 'IMC AMERICAS, INC.', 'Software Developers, Applications', 'UNITED KINGDOM']
['Educational Services', 'Certified', '60602', 'ADLER SCHOOL OF PROFESSIONAL PSYCHOLOGY', 'Education Administrators, Postsecondary', 'CANADA']
['IT', 'Certified', '60601', 'TEZA TECHNOLOGIES LLC', 'Software Developers, Applications', 'INDIA']
['Energy', 'Certified', '60626', 'S&C ELECTRIC COMPANY', 'Sales Engineers', 'INDIA']
['Finance', 'Certified', '60661', 'E.C. ORTIZ & CO., LLP', 'Accountants and Auditors', 'PHILIPPINES']
['Energy', 'Certified', '60626', 'S&C ELECTRIC COMPANY', 'Electrical Engineers', 'IRAN']
['Finance', 'Certified', '60661', 'E.C. ORTIZ & CO., LLP', 'Accountants and Auditors', 'PHILIPPINES']
['Finance', 'Certified', '60661', 'E.C. ORTIZ & CO., LLP', 'Accountants and Auditors', 'PHILIPPINES']
['Finance', 'Certified', '60661', 'E.C. ORTIZ & CO., LLP', 'Accountants and Auditors', 'PHILIPPINES']
['Hospitality', 'Certified', '60661', 'ORBITZ WORLDWIDE', 'Software Developers, Applications', 'CHINA']
['Finance', 'Certified', '60654', 'GELBER GROUP, LLC', 'Financial Analysts', 'SPAIN']
['IT', 'Certified', '60606', 'TRADING TECHNOLOGIES', 'Computer Systems Analysts', 'SOUTH KOREA']
['Other Economic Sector', 'Certified', '60631', 'LITTELFUSE, INC.', 'Computer Systems Analysts', 'INDIA']
['Finance', 'Certified', '60604', 'CONTINENTAL CASUALTY COMPANY', 'Computer and Information Systems Managers', 'INDIA']
['Educational Services', 'Certified', '60625', 'NORTHEASTERN ILLINOIS UNIVERSITY', 'Mathematical Science Teachers, Postsecondary', 'INDIA']
['Energy', 'Certified', '60626', 'S&C ELECTRIC COMPANY', 'Electrical Engineers', 'PAKISTAN']
['Other Economic Sector', 'Certified', '60601', 'ACCENTURE LLP', 'Computer Systems Analysts', 'INDIA']
['IT', 'Certified', '60606', 'CAPGEMINI U.S. LLC', 'Software Developers, Applications', 'INDIA']
['Other Economic Sector', 'Certified', '60601', 'ACCENTURE LLP', 'Software Developers, Applications', 'INDIA']
['IT', 'Certified', '60606', 'CAPGEMINI U.S. LLC', 'Software Developers, Applications', 'INDIA']
['IT', 'Certified', '60606', 'NAVTEQ NORTH AMERICA, LLC', 'Computer and Information Systems Managers', 'INDIA']
['Health Care', 'Certified', '60610', 'SIGNATURE HEALTHCARE SOLUTIONS', 'Internists, General', 'INDIA']
['Finance', 'Certified', '60606', 'SUNRISE FUTURES, LLC', 'Financial Analysts', 'CHINA']
['Other Economic Sector', 'Certified', '60606', 'BOOZ & COMPANY (N.A.) INC.', 'Management Analysts', 'INDIA']
['Finance', 'Certified', '60601', 'BDO USA LLP', 'Financial Managers', 'SWEDEN']
['IT', 'Certified', '60661', 'ACQUITY GROUP LLC', 'Software Developers, Applications', 'CHINA']
['Other Economic Sector', 'Certified', '60606', 'SPHERE CONSULTING INC.', 'Computer and Information Systems Managers', 'RUSSIA']
['Health Care', 'Certified', '60611', 'NORTHWESTERN MEMORIAL HEALTHCARE', 'Accountants and Auditors', 'RUSSIA']
['Finance', 'Certified', '60604', 'CONTINENTAL CASUALTY COMPANY', 'Software Developers, Applications', 'INDIA']
['Other Economic Sector', 'Certified', '60611', 'DDB CHICAGO', 'Advertising and Promotions Managers', 'CANADA']
['Other Economic Sector', 'Certified', '60603', 'JP MORGAN CHASE & CO', 'Financial Analysts', 'INDIA']
['IT', 'Certified', '60661', 'ACQUITY GROUP LLC', 'Software Developers, Applications', 'INDIA']
['Finance', 'Certified', '60661', 'TRANSUNION', 'Credit Analysts', 'INDIA']
['Health Care', 'Certified', '60641', 'GLEN ELSTON NURSING AND REHABILITATION CENTRE,LTD', 'Medical and Health Services Managers', 'PHILIPPINES']
['Other Economic Sector', 'Certified', '60618', 'TENNIS CORPORATION OF AMERICA', 'General and Operations Managers', 'UNITED KINGDOM']
['Hospitality', 'Certified', '60661', 'ORBITZ WORLDWIDE', 'Statisticians', 'INDIA']
['Other Economic Sector', 'Certified', '60630', 'MASTER WIRELESS INC.', 'Financial Managers', 'SOUTH KOREA']
['Advanced Mfg', 'Certified', '60640', 'TEMPEL STEEL COMPANY', 'Sales Engineers', 'CANADA']
['IT', 'Certified', '60606', 'CAPGEMINI U.S. LLC', 'Computer and Information Systems Managers', 'INDIA']
['Hospitality', 'Certified', '60661', 'ORBITZ WORLDWIDE', 'Software Developers, Applications', 'INDIA']
['Transportation', 'Certified', '60606', 'UNITED AIRLINES', 'Computer and Information Systems Managers', 'INDIA']
['Finance', 'Certified', '60604', 'ICARUS TRADING LLC', 'Database Administrators', 'CHINA']
['Educational Services', 'Certified', '60637', 'THE UNIVERSITY OF CHICAGO', 'Economics Teachers, Postsecondary', 'GERMANY']
['Transportation', 'Certified', '60606', 'UNITED AIRLINES', 'Computer and Information Systems Managers', 'INDIA']
['Retail', 'Certified', '60654', 'GROUPON, INC.', 'Software Developers, Applications', 'NEPAL']
['Retail', 'Certified', '60654', 'GROUPON, INC.', 'Software Developers, Applications', 'INDIA']
['IT', 'Certified', '60606', 'CAPGEMINI U.S. LLC', 'Software Developers, Applications', 'INDIA']
['Other Economic Sector', 'Certified', '60606', 'SPHERE CONSULTING INC.', 'Computer and Information Systems Managers', 'UKRAINE']
['Other Economic Sector', 'Certified', '60616', 'THE HISTORYMAKERS', 'Accountants and Auditors', 'CHINA']
['Finance', 'Certified', '60601', 'HENRY CROWN AND COMPANY', 'Computer and Information Systems Managers', 'CANADA']
['Other Economic Sector', 'Certified', '60605', 'THE FIELD MUSEUM', 'Instructional Coordinators', 'COLOMBIA']
['Retail', 'Certified', '60654', 'GROUPON, INC.', 'Software Developers, Applications', 'CANADA']
['Health Care', 'Certified', '60622', 'PAIN STOP CHIROMASSAGE, LTD.', 'Chiropractors', 'SOUTH KOREA']
['', 'Denied', '60618', 'KOREAN AMERICAN COMMUNITY SERVICES', 'Mental Health and Substance Abuse Social Workers', 'SOUTH KOREA']
['Other Economic Sector', 'Certified', '60654', 'CCC INFORMATION SERVICES INC.', 'Software Developers, Applications', 'INDIA']
['Energy', 'Certified', '60654', 'BSE SOLUTIONS LLC', 'Mechanical Engineers', 'INDIA']
['Finance', 'Certified', '60606', 'SUNRISE FUTURES, LLC', 'Financial Analysts', 'CHINA']
['IT', 'Certified', '60606', 'CAPGEMINI U.S. LLC', 'Software Developers, Applications', 'INDIA']
['IT', 'Certified', '60654', 'SERTIFI INC', 'Computer Systems Analysts', 'INDIA']
['Other Economic Sector', 'Certified', '60603', 'JP MORGAN CHASE & CO', 'Software Developers, Applications', 'INDIA']
['Other Economic Sector', 'Certified', '60613', 'CLASSIFIED VENTURES, LLC', 'Software Developers, Applications', 'INDIA']
['IT', 'Certified', '60661', 'PLATINUM DB CONSULTING, INC', 'Computer Systems Analysts', 'INDIA']
['IT', 'Certified', '60659', 'WINDYCITY TECHNOLOGIES INC.,', 'Computer Systems Analysts', 'INDIA']
['IT', 'Certified', '60611', 'ACCRETIVE HEALTH, INC.', 'Software Developers, Applications', 'INDIA']
['Finance', 'Certified', '60606', 'ENOVA FINANCIAL', 'Operations Research Analysts', 'CHINA']
['Finance', 'Certified', '60606', 'ENOVA FINANCIAL', 'Software Developers, Applications', 'INDIA']
['Finance', 'Certified', '60606', 'ENOVA FINANCIAL', 'Operations Research Analysts', 'INDIA']
['Health Care', 'Certified', '60608', 'MOUNT SINAI COMMUNITY FOUNDATION', 'Psychiatrists', 'INDIA']
['IT', 'Certified', '60606', 'CAPGEMINI U.S. LLC', 'Software Developers, Applications', 'INDIA']
['Other Economic Sector', 'Certified', '60603', 'JP MORGAN CHASE & CO', 'Software Developers, Applications', 'INDIA']
['Educational Services', 'Certified', '60613', 'LYCEE FRANCAIS DE CHICAGO', 'Secondary School Teachers, Except Special and Career/Technical Education', 'FRANCE']
['Other Economic Sector', 'Certified', '60654', 'JENNER & BLOCK', 'Lawyers', 'JAPAN']
['Finance', 'Certified', '60601', 'BLUE CROSS BLUE SHIELD ASSOCIATION', 'Information Security Analysts, Web Developers, and Computer Network Architects', 'INDIA']
['Other Economic Sector', 'Certified', '60603', 'JP MORGAN CHASE & CO', 'Software Developers, Applications', 'INDIA']
['IT', 'Certified', '60611', 'ACCRETIVE HEALTH, INC.', 'Software Developers, Applications', 'INDIA']
['Other Economic Sector', 'Certified', '60603', 'JP MORGAN CHASE & CO', 'Software Developers, Applications', 'INDIA']
['', 'Certified', '60602', 'INFRASTRATEGY DBA TOTAL ATTORNEYS', 'Software Developers, Applications', 'NEPAL']
['IT', 'Certified', '60601', 'TEZA TECHNOLOGIES LLC', 'Operations Research Analysts', 'UKRAINE']
['IT', 'Certified', '60603', 'CAPSTONE WORLDWIDE INC', 'Software Developers, Applications', 'INDIA']
['Construction', 'Certified', '60607', 'WALSH CONSTRUCTION COMPANY', 'Civil Engineers', 'INDIA']
['Other Economic Sector', 'Certified', '60603', 'JP MORGAN CHASE & CO', 'Personal Financial Advisors', 'VENEZUELA']
['', 'Denied', '60610', 'SAINI MEDICAL INC.', 'Database Administrators', 'INDIA']
['IT', 'Certified', '60659', 'BIJJAM INFORMATION TECHNOLOGIES, INC', 'Software Developers, Applications', 'INDIA']
['IT', 'Certified', '60659', 'BIJJAM INFORMATION TECHNOLOGIES, INC', 'Software Developers, Systems Software', 'INDIA']
['IT', 'Certified', '60606', 'CAPGEMINI U.S. LLC', 'Software Developers, Applications', 'INDIA']
['Educational Services', 'Certified', '60604', 'DEPAUL UNIVERSITY', 'Software Developers, Applications, Non R & D (ACWIA Only)', 'INDIA']
['IT', 'Certified', '60661', 'PLATINUM DB CONSULTING, INC', 'Computer Systems Analysts', 'BELARUS']
['IT', 'Certified', '60606', 'FORTE CONSULTING GROUP', 'Software Developers, Systems Software', 'UKRAINE']
['IT', 'Certified', '60606', 'FORTE CONSULTING GROUP', 'Software Developers, Systems Software', 'BELGIUM']
['IT', 'Certified', '60606', 'FORTE CONSULTING GROUP', 'Software Developers, Systems Software', 'ISRAEL']
['IT', 'Certified', '60606', 'FORTE CONSULTING GROUP', 'Software Developers, Systems Software', 'UKRAINE']
['IT', 'Certified', '60606', 'FORTE CONSULTING GROUP', 'Software Developers, Systems Software', 'BELARUS']
['IT', 'Certified', '60606', 'FORTE CONSULTING GROUP', 'Computer Occupations, All Other*', 'INDIA']
['Health Care', 'Certified', '60611', 'AMERICAN COLLEGE OF SURGEONS', 'Software Developers, Applications', 'CANADA']
['Retail', 'Certified', '60654', 'GROUPON, INC.', 'Software Developers, Applications', 'INDIA']
['Other Economic Sector', 'Certified', '60631', 'INTERNATIONAL FINANCIAL GROUP OF CHICAGO', 'Information Security Analysts, Web Developers, and Computer Network Architects', 'PAKISTAN']
['Other Economic Sector', 'Certified', '60601', 'MURPHY/JAHN ARCHITECTS, LLC', 'Architectural and Civil Drafters', 'IRAN']
['Retail', 'Certified', '60654', 'GROUPON, INC.', 'Software Developers, Applications', 'CHINA']
['Other Economic Sector', 'Certified', '60606', 'BRIDGE STRATEGY GROUP, LLC', 'Management Analysts', 'FRANCE']
['Finance', 'Certified', '60601', 'BDO USA LLP', 'Accountants and Auditors', 'BRAZIL']
['Other Economic Sector', 'Certified', '60603', 'JP MORGAN CHASE & CO', 'Software Developers, Applications', 'INDIA']
['Other Economic Sector', 'Certified', '60603', 'JP MORGAN CHASE & CO', 'Database Administrators', 'INDIA']
['Retail', 'Certified', '60654', 'GROUPON, INC.', 'Network and Computer Systems Administrators*', 'CHILE']
['Retail', 'Certified', '60631', 'CHESTER PILAT BAKERY & PASTRY, INC.', 'Chefs and Head Cooks', 'POLAND']
['IT', 'Certified', '60606', 'MATTERSIGHT CORPORATION', 'Network and Computer Systems Administrators*', 'INDIA']
['Hospitality', 'Certified', '60661', 'ORBITZ WORLDWIDE', 'Software Developers, Applications', 'INDIA']
['IT', 'Certified', '60601', 'CAREERBUILDER', 'Software Developers, Applications', 'INDIA']
['IT', 'Certified', '60603', 'ELECTRONIC KNOWLEDGE INTERCHANGE COMPANY', 'Software Developers, Applications', 'MEXICO']
['IT', 'Certified', '60659', 'BIJJAM INFORMATION TECHNOLOGIES, INC', 'Software Developers, Applications', 'INDIA']
['Health Care', 'Certified', '60609', 'STUDIO DENTAL', 'Dentists, General', 'INDIA']
['Aerospace', 'Certified', '60606', 'NAVIGANT CONSULTING, INC.', 'Electrical Engineers', 'INDIA']
['Health Care', 'Certified', '60654', 'DENTAL DREAMS', 'Dentists, General', 'INDIA']
['IT', 'Certified', '60654', 'SPRINGCM INC.', 'Computer and Information Systems Managers', 'INDIA']
['IT', 'Certified', '60654', 'SPRINGCM INC.', 'Computer and Information Systems Managers', 'INDIA']
['IT', 'Certified', '60654', 'SPRINGCM INC.', 'Software Developers, Applications', 'INDIA']
['Educational Services', 'Certified', '60625', 'NORTHEASTERN ILLINOIS UNIVERSITY', 'Business Teachers, Postsecondary', 'CHINA']
['Educational Services', 'Certified', '60625', 'NORTHEASTERN ILLINOIS UNIVERSITY', 'Business Teachers, Postsecondary', 'CHINA']
['Health Care', 'Certified', '60639', 'DENTAL EXPERTS LLC D/B/A DENTAL DREAMS LLC', 'Dentists, General', 'INDIA']
['IT', 'Certified', '60611', 'ANALYTICS 8, LLC', 'Computer Systems Analysts', 'INDIA']
['Educational Services', 'Certified', '60616', 'VANDERCOOK COLLEGE OF MUSIC', 'Art, Drama, and Music Teachers, Postsecondary', 'TAIWAN']
['IT', 'Certified', '60606', 'CAPGEMINI U.S. LLC', 'Software Developers, Applications', 'INDIA']
['Educational Services', 'Certified', '60637', 'THE UNIVERSITY OF CHICAGO', 'Education Administrators, Postsecondary', 'UNITED KINGDOM']
['Educational Services', 'Certified', '60625', 'NORTHEASTERN ILLINOIS UNIVERSITY', 'Business Teachers, Postsecondary', 'IRAN']
['Finance', 'Certified', '60601', 'AON FIRE PROTECTION ENGINEERING CORPORATION', 'Health and Safety Engineers, Except Mining Safety Engineers and Inspectors', 'INDIA']
['IT', 'Certified', '60606', 'CAPGEMINI U.S. LLC', 'Software Developers, Applications', 'INDIA']
['Educational Services', 'Certified', '60637', 'THE UNIVERSITY OF CHICAGO', 'English Language and Literature Teachers, Postsecondary', 'CANADA']
['', 'Denied', '60622', 'SUPER SUBMARINE INC.', 'Food Service Managers', 'PAKISTAN']
['IT', 'Certified', '60601', 'TEZA TECHNOLOGIES LLC', 'Financial Analysts', 'FRANCE']
['IT', 'Certified', '60606', 'CAPGEMINI U.S. LLC', 'Software Developers, Applications', 'INDIA']
['IT', 'Certified', '60604', 'KCURA', 'Computer and Information Systems Managers', 'INDIA']
['Educational Services', 'Certified', '60637', 'THE UNIVERSITY OF CHICAGO', 'Social Work Teachers, Postsecondary', 'AZERBAIJAN']
['Other Economic Sector', 'Certified', '60603', 'JP MORGAN CHASE & CO', 'Software Developers, Applications', 'INDIA']
['Health Care', 'Certified', '60654', 'DENTAL DREAMS', 'Dentists, General', 'CANADA']
['Advanced Mfg', 'Certified', '60601', 'EVRAZ INC NA', 'Software Developers, Applications', 'INDIA']
['Finance', 'Certified', '60603', 'THE NORTHERN TRUST COMPANY', 'Financial Analysts', 'CHINA']
['IT', 'Certified', '60661', 'SYMPHONYIRI GROUP, INC.', 'Statisticians', 'CHINA']
['Other Economic Sector', 'Certified', '60601', 'ACCENTURE LLP', 'Computer Systems Analysts', 'INDIA']
['Finance', 'Certified', '60654', 'MESIROW FINANCIAL HOLDINGS, INC.', 'Personal Financial Advisors', 'SPAIN']
['IT', 'Certified', '60606', 'CAPGEMINI U.S. LLC', 'Software Developers, Applications', 'INDIA']
['Finance', 'Certified', '60602', 'MORNINGSTAR, INC.', 'Software Developers, Applications', 'BANGLADESH']
['IT', 'Certified', '60661', 'SYMPHONYIRI GROUP, INC.', 'Market Research Analysts and Marketing Specialists*', 'INDIA']
['Educational Services', 'Certified', '60625', 'NORTHEASTERN ILLINOIS UNIVERSITY', 'Business Teachers, Postsecondary', 'INDIA']
['Aerospace', 'Certified', '60606', 'NAVIGANT CONSULTING ECONOMICS, LLC', 'Economists', 'POLAND']
['Finance', 'Certified', '60604', 'CONTINENTAL CASUALTY COMPANY', 'Software Developers, Applications', 'INDIA']
['IT', 'Certified', '60606', 'NAVTEQ NORTH AMERICA, LLC', 'Computer Systems Analysts', 'INDIA']
['Health Care', 'Certified', '60641', 'GLEN ELSTON NURSING AND REHABILITATION CENTRE,LTD', 'Budget Analysts', 'PHILIPPINES']
['', 'Denied', '60618', 'JIN HAN INTERNATIONAL, INC.', 'First-Line Supervisors/Managers of Non-Retail Sales Workers', 'SOUTH KOREA']
['', 'Denied', '60632', 'ST. PANCRARTIUS CHURCH', 'Music Directors and Composers', 'POLAND']
['', 'Denied', '60640', 'COVENANT METHODIST SENIORS SERVICES', 'Payroll and Timekeeping Clerks', 'PHILIPPINES']
['', 'Denied', '60614', 'KAREN PINKERT-LIEB', 'Nannies', 'POLAND']
['', 'Denied', '60603', 'JPMORGAN CHASE & CO.', 'Operations Research Analysts', 'CHINA']
['Other Economic Sector', 'Denied', '60603', 'JP MORGAN CHASE & CO.', 'Financial Managers', 'JAMAICA']
['', 'Denied', '60603', 'JPMORGAN CHASE & CO.', 'Financial Analysts', 'GREECE']
['', 'Denied', '60603', 'CHICAGO PUBLIC SCHOOLS', 'Elementary School Teachers, Except Special Education', 'MEXICO']
['', 'Denied', '60638', 'ABBOT ANIMAL HOSPITAL', 'Veterinarians', 'AUSTRALIA']
['', 'Denied', '60661', 'ELEMENT115 LLC', 'Computer Software Engineers, Applications', 'INDIA']
['IT', 'Denied', '60622', 'PALM USA INC.', 'Network and Computer Systems Administrators', 'SOUTH KOREA']
['Finance', 'Denied', '60606', 'ENOVA FINANCIAL', 'Computer Software Engineers, Applications', 'INDIA']
['Other Economic Sector', 'Denied', '60611', 'ACCRETIVE HEALTH, INC.', 'Database Administrators', 'INDIA']
['Other Economic Sector', 'Denied', '60611', 'ACCRETIVE HEALTH, INC.', 'Software Developers, Applications', 'INDIA']
['Health Care', 'Denied', '60630', 'FAIRMONT CARE CENTRE', 'Laundry and Dry-Cleaning Workers', 'POLAND']
['Advanced Mfg', 'Denied', '60610', 'QUOTEPRO, INC', 'Software Developers, Applications', 'CHINA']
['Other Economic Sector', 'Denied', '60606', 'BOOZ & COMPANY (N.A.) INC.', 'Management Analysts', 'INDIA']
['Other Economic Sector', 'Denied', '60660', 'CONVENTUAL FRANCISCANS OF ST BONAVENTURE PROVINCE', 'Clergy', 'PHILIPPINES']
['Health Care', 'Denied', '60641', 'GLEN ELSTON NURSING AND REHABILITATION CENTRE,LTD', 'Financial Analysts', 'PHILIPPINES']
['Retail', 'Denied', '60625', 'A&A FRUIT MARKET, INC.', 'Butchers and Meat Cutters', 'MEXICO']
['Health Care', 'Denied', '60659', 'BARNETT FUNG, DPM, MS', 'Podiatrists', 'SINGAPORE']
['IT', 'Denied', '60606', 'CAPGEMINI U.S. LLC', 'Software Developers, Applications', 'INDIA']
['Finance', 'Denied', '60607', 'SUPERFUND ASSET MANAGEMENT, LLC', 'Software Developers, Applications', 'CHINA']
['IT', 'Denied', '60606', 'CAPGEMINI U.S. LLC', 'Software Developers, Applications', 'INDIA']
['Other Economic Sector', 'Denied', '60606', 'A.T. KEARNEY, INC.', 'Management Analysts', 'SERBIA AND MONTENEGRO']
['Other Economic Sector', 'Denied', '60606', 'A.T. KEARNEY, INC.', 'Management Analysts', 'IRAN']
['Other Economic Sector', 'Denied', '60606', 'A.T. KEARNEY, INC.', 'Management Analysts', 'INDIA']
['IT', 'Denied', '60606', 'CAPGEMINI U.S. LLC', 'Software Developers, Applications', 'INDIA']
['IT', 'Denied', '60606', 'CAPGEMINI U.S. LLC', 'Software Developers, Applications', 'INDIA']
['IT', 'Denied', '60606', 'CAPGEMINI U.S. LLC', 'Software Developers, Applications', 'INDIA']
['IT', 'Denied', '60606', 'CAPGEMINI U.S. LLC', 'Software Developers, Applications', 'INDIA']
['IT', 'Denied', '60606', 'CAPGEMINI U.S. LLC', 'Software Developers, Applications', 'INDIA']
['IT', 'Denied', '60606', 'CAPGEMINI U.S. LLC', 'Software Developers, Applications', 'FRANCE']
['Retail', 'Denied', '60625', 'LINDO MICHOACAN, INC.', 'First-Line Supervisors of Retail Sales Workers', 'MEXICO']
['IT', 'Denied', '60606', 'CAPGEMINI U.S. LLC', 'Software Developers, Applications', 'INDIA']
['IT', 'Denied', '60606', 'CAPGEMINI U.S. LLC', 'Software Developers, Applications', 'INDIA']
['IT', 'Denied', '60606', 'CAPGEMINI U.S. LLC', 'Software Developers, Applications', 'INDIA']
['Other Economic Sector', 'Denied', '60603', 'JP MORGAN CHASE & CO', 'Financial Analysts', 'BANGLADESH']
['IT', 'Denied', '60606', 'CAPGEMINI U.S. LLC', 'Software Developers, Applications', 'INDIA']
['Advanced Mfg', 'Denied', '60607', 'HYDRO, INC.', 'Architectural and Engineering Managers', 'INDIA']
['IT', 'Denied', '60606', 'CAPGEMINI U.S. LLC', 'Software Developers, Applications', 'INDIA']
['Advanced Mfg', 'Denied', '60606', 'AMSTED RAIL CO. INC.', 'Computer Systems Analysts', 'INDIA']
['Health Care', 'Denied', '60657', 'R&W MEDICAL CENTER', 'Medical Scientists, Except Epidemiologists', 'PAKISTAN']
['Educational Services', 'Denied', '60659', 'ROSEL SCHOOL OF COSMETOLOGY', 'First-Line Supervisors of Non-Retail Sales Workers', 'MONGOLIA']
['Other Economic Sector', 'Denied', '60654', 'INNERWORKINGS', 'Software Developers, Applications', 'INDIA']
['Agribusiness', 'Denied', '60623', 'CERMAK PRODUCE NO. 9, INC.', 'First-Line Supervisors of Retail Sales Workers', 'MEXICO']
['Hospitality', 'Denied', '60606', 'SATELITE, INC.', '', 'INDIA']
['IT', 'Denied', '60606', 'FORTE CONSULTING GROUP', 'Computer Occupations, All Other*', 'RUSSIA']
['', 'Denied', '60632', 'OEM AIR COMPRESSOR CORPORATION', '', 'MEXICO']
['Hospitality', 'Denied', '60657', 'VAHALLA (DBA: WAKAMONO)', 'Food Service Managers', 'THAILAND']
['Health Care', 'Denied', '60646', 'HCN HOME HEALTH CARE, INC', 'Healthcare Social Workers', 'PHILIPPINES']
['Health Care', 'Denied', '60625', 'DEMETRIOS J. GIOKARIS, M.D.', 'Computer Operators', 'BULGARIA']
['Finance', 'Withdrawn', '60605', 'CTC TRADING GROUP, LLC', 'Financial Analysts', 'ITALY']
['IT', 'Withdrawn', '60606', 'CAPGEMINI U.S. LLC', 'Software Developers, Applications', 'NEW ZEALAND']
['Retail', 'Withdrawn', '60654', 'GROUPON, INC.', 'Computer and Information Systems Managers', 'INDIA']
['IT', 'Withdrawn', '60606', 'CAPGEMINI U.S. LLC', 'Software Developers, Applications', 'INDIA']
['IT', 'Withdrawn', '60606', 'HOSTWAY', 'Software Developers, Systems Software', 'SOUTH KOREA']
['IT', 'Withdrawn', '60606', 'CAPGEMINI U.S. LLC', 'Software Developers, Applications', 'INDIA']
['IT', 'Withdrawn', '60606', 'CAPGEMINI U.S. LLC', 'Software Developers, Applications', 'INDIA']
['Energy', 'Withdrawn', '60626', 'S&C ELECTRIC COMPANY', 'Electrical Engineers', 'IRAN']
['Other Economic Sector', 'Withdrawn', '60613', 'CHICAGO NATIONAL LEAGUE BALL CLUB', 'Coaches and Scouts', 'CANADA']
['Retail', 'Withdrawn', '60620', 'JB BEAUTY, INC.', 'Hairdressers, Hairstylists, and Cosmetologists', 'SOUTH KOREA']
['Advanced Mfg', 'Withdrawn', '60606', 'RR DONNELLEY', 'Software Developers, Applications', 'INDIA']
['Educational Services', 'Withdrawn', '60637', 'THE UNIVERSITY OF CHICAGO', 'Business Teachers, Postsecondary', 'RUSSIA']
['Finance', 'Withdrawn', '60604', 'GRANT THORNTON LLP', 'Financial Managers', 'LITHUANIA']
['Other Economic Sector', 'Withdrawn', '60630', 'HOLY MOUNTAIN EVANGELICAL CHURCH', 'Clergy', 'SOUTH KOREA']
['Finance', 'Withdrawn', '60601', 'HENRY CROWN AND COMPANY', 'Social and Community Service Managers', 'CANADA']
['IT', 'Withdrawn', '60631', 'OPEN TEXT, INC', 'Software Developers, Applications', 'UNITED KINGDOM']
['Other Economic Sector', 'Withdrawn', '60606', 'BOOZ & COMPANY (N.A.) INC.', 'Management Analysts', 'FRANCE']
['Finance', 'Withdrawn', '60606', 'WILLIAM BLAIR & COMPANY, LLC', 'Financial Analysts', 'TAIWAN']
['Health Care', 'Withdrawn', '60609', 'STUDIO DENTAL', 'Dentists, General', 'INDIA']
['Other Economic Sector', 'Withdrawn', '60601', 'ACCENTURE LLP', 'Computer Systems Analysts', 'INDIA']
['Finance', 'Withdrawn', '60604', 'GRANT THORNTON LLP', 'Accountants and Auditors', 'MOLDOVA']
['IT', 'Withdrawn', '60631', 'OPEN TEXT, INC', 'Network and Computer Systems Administrators*', 'UNITED KINGDOM']
['IT', 'Withdrawn', '60631', 'OPEN TEXT, INC', 'Software Developers, Applications', 'INDIA']
['Finance', 'Withdrawn', '60606', 'ENOVA FINANCIAL', 'Financial Managers', 'INDIA']
['Finance', 'Withdrawn', '60606', 'ENOVA FINANCIAL', 'Operations Research Analysts', 'RUSSIA']
['Finance', 'Withdrawn', '60606', 'ENOVA FINANCIAL', 'Management Analysts', 'SOUTH KOREA']
['Advanced Mfg', 'Withdrawn', '60617', 'W.S.W. INDUSTRIAL MAINTENANCE, INC.', 'Welders, Cutters, Solderers, and Brazers', 'MEXICO']
['Finance', 'Withdrawn', '60604', 'CONTINENTAL CASUALTY COMPANY', 'Software Developers, Applications', 'INDIA']
['Health Care', 'Withdrawn', '60654', 'DENTAL DREAMS', 'Dentists, General', 'CANADA']
['Finance', 'Withdrawn', '60602', 'MORNINGSTAR, INC.', 'Software Developers, Applications', 'INDIA']
['Educational Services', 'Withdrawn', '60613', 'LYCEE FRANCAIS DE CHICAGO', 'Education Administrators, Elementary and Secondary School', 'FRANCE']
['IT', 'Withdrawn', '60631', 'OPEN TEXT, INC', 'Software Developers, Applications', 'INDIA']
['IT', 'Withdrawn', '60661', 'CASTLE ROCK INNOVATIONS, LLC', 'Software Developers, Applications', 'INDIA']
['Finance', 'Withdrawn', '60601', 'BAKER TILLY VIRCHOW KRAUSE, LLP', 'Computer Systems Analysts', 'INDIA']
['Other Economic Sector', 'Withdrawn', '60603', 'JP MORGAN CHASE & CO', 'Information Security Analysts, Web Developers, and Computer Network Architects', 'INDIA']
['Finance', 'Withdrawn', '60602', 'MORNINGSTAR, INC.', 'Graphic Designers', 'CHINA']
['Educational Services', 'Withdrawn', '60628', 'CHICAGO STATE UNIVERSITY', 'Health Specialties Teachers, Postsecondary', 'MACEDONIA']
['Finance', 'Withdrawn', '60654', 'GELBER GROUP, LLC', 'Financial Analysts', 'CHINA']
['Educational Services', 'Withdrawn', '60659', 'ROSEL SCHOOL OF COSMETOLOGY', 'Accountants and Auditors', 'MONGOLIA']
['Advanced Mfg', 'Withdrawn', '60617', 'W.S.W. INDUSTRIAL MAINTENANCE, INC.', 'Welders, Cutters, Solderers, and Brazers', 'MEXICO']
['Finance', 'Withdrawn', '60604', 'CJS TRADING CO', 'Financial Analysts', 'CHINA']
['Other Economic Sector', 'Withdrawn', '60601', 'STARCOM MEDIAVEST GROUP, INC.', 'Market Research Analysts and Marketing Specialists*', 'CHINA']
['Aerospace', 'Withdrawn', '60616', 'SERVO TECH INC.', 'Electrical Engineers', 'TAIWAN']
['Aerospace', 'Withdrawn', '60616', 'SERVO TECH INC.', 'Electrical Engineers', 'INDIA']
['Educational Services', 'Withdrawn', '60628', 'CHICAGO STATE UNIVERSITY', 'Health Specialties Teachers, Postsecondary', 'POLAND']
['Aerospace', 'Withdrawn', '60616', 'SERVO TECH INC.', 'Mechanical Engineers', 'PAKISTAN']
['Aerospace', 'Withdrawn', '60616', 'SERVO TECH INC.', 'Electrical Engineers', 'CHINA']
['Aerospace', 'Withdrawn', '60616', 'SERVO TECH INC.', 'Mechanical Engineers', 'PAKISTAN']
['IT', 'Withdrawn', '60661', 'ACQUITY GROUP LLC', 'Software Developers, Applications', 'INDIA']
['Health Care', 'Withdrawn', '60608', 'MOUNT SINAI COMMUNITY FOUNDATION', 'Internists, General', 'ETHIOPIA']
['Finance', 'Withdrawn', '60602', 'MORNINGSTAR, INC.', 'Software Developers, Applications', 'CHINA']
['Educational Services', 'Withdrawn', '60628', 'CHICAGO STATE UNIVERSITY', 'Health Specialties Teachers, Postsecondary', 'POLAND']
['Educational Services', 'Withdrawn', '60628', 'CHICAGO STATE UNIVERSITY', 'Health Specialties Teachers, Postsecondary', 'MACEDONIA']
['Other Economic Sector', 'Withdrawn', '60606', 'A.T. KEARNEY, INC.', 'Management Analysts', 'INDIA']